timestamp,o3,co,no2,so2,temp_c,humidity,wind_kph,pressure_mb,aqi,hour,dayofweek,month,hour_sin,hour_cos,aqi_lag_1,aqi_lag_3,aqi_lag_6,aqi_roll_3,aqi_roll_12,aqi_change_rate
2025-07-26 22:00:00,47.0,725.2,31.635,21.275,29.1,70.0,26.6,998.0,58.2225,22,5,7,-0.5000000000000004,0.8660254037844384,58.703500000000005,58.697,55.6985,58.541000000000004,57.297357142857145,-0.48100000000000875
2025-07-26 23:00:00,47.0,704.85,30.34,20.165,29.0,75.0,24.8,997.0,56.48350000000001,23,5,7,-0.25881904510252157,0.9659258262890681,58.2225,58.697,54.97399999999999,57.80316666666667,57.195625,-1.73899999999999
2025-07-27 00:00:00,52.0,556.85,22.015,17.02,27.6,78.0,24.8,998.0,48.456,0,6,7,0.0,1.0,56.48350000000001,58.703500000000005,56.089,54.38733333333334,56.224555555555554,-8.027500000000003
2025-07-27 03:00:00,55.0,414.4,15.725,15.17,29.1,79.0,27.7,998.0,41.808,3,6,7,0.7071067811865476,0.7071067811865476,48.456,58.2225,58.697,48.91583333333333,54.7829,-6.648000000000003
2025-07-27 04:00:00,55.0,357.05,14.06,14.8,31.1,66.0,26.3,998.0,39.477,4,6,7,0.8660254037844386,0.5000000000000001,41.808,56.48350000000001,58.697,43.24700000000001,53.39145454545455,-2.331000000000003
2025-07-27 05:00:00,55.0,366.3,13.69,15.54,31.1,66.0,25.9,998.0,39.81,5,6,7,0.9659258262890683,0.25881904510252074,39.477,48.456,58.703500000000005,40.365,52.25966666666667,0.3330000000000055
2025-07-27 06:00:00,55.0,508.75,15.725,17.945,32.2,63.0,25.9,998.0,45.0825,6,6,7,1.0,6.123233995736766e-17,39.81,41.808,58.2225,41.4565,51.375,5.272500000000001
2025-07-27 07:00:00,56.0,715.95,18.685,21.46,34.2,53.0,27.0,998.0,53.06,7,6,7,0.9659258262890683,-0.25881904510252063,45.0825,39.477,56.48350000000001,45.984166666666674,51.2155,7.977499999999999
2025-07-27 08:00:00,60.0,838.05,19.98,24.79,34.4,53.0,25.6,998.0,59.14399999999999,8,6,7,0.8660254037844387,-0.4999999999999998,53.06,39.81,48.456,52.42883333333333,51.47008333333334,6.083999999999989
2025-07-27 09:00:00,71.0,788.1,17.205,27.75,33.1,56.0,27.7,997.0,61.260000000000005,9,6,7,0.7071067811865476,-0.7071067811865475,59.14399999999999,45.0825,41.808,57.821333333333335,51.683666666666674,2.116000000000014
2025-07-27 10:00:00,85.0,654.9,12.58,30.71,33.2,56.0,26.6,997.0,61.501000000000005,10,6,7,0.49999999999999994,-0.8660254037844387,61.260000000000005,53.06,39.477,60.635,51.91733333333334,0.24099999999999966
2025-07-27 11:00:00,70.0,606.8,15.17,28.49,32.1,59.0,26.6,997.0,56.483,11,6,7,0.258819045102521,-0.9659258262890682,61.501000000000005,59.14399999999999,39.81,59.748,51.73229166666667,-5.018000000000008
2025-07-27 12:00:00,74.0,579.05,12.765,27.75,31.3,63.0,26.3,997.0,55.315,12,6,7,1.2246467991473532e-16,-1.0,56.483,61.260000000000005,45.0825,57.766333333333336,51.49,-1.1679999999999993
2025-07-27 13:00:00,78.0,573.5,10.36,26.27,31.4,66.0,25.9,997.0,54.221,13,6,7,-0.2588190451025208,-0.9659258262890683,55.315,61.501000000000005,53.06,55.339666666666666,51.30145833333333,-1.0940000000000012
2025-07-27 14:00:00,79.0,586.45,9.62,24.79,30.3,66.0,25.6,997.0,53.596,14,6,7,-0.4999999999999997,-0.8660254037844388,54.221,56.483,59.14399999999999,54.377333333333326,51.72979166666667,-0.625
2025-07-27 15:00:00,75.0,629.0,11.1,23.865,30.0,66.0,25.2,998.0,53.67249999999999,15,6,7,-0.7071067811865471,-0.7071067811865479,53.596,55.315,61.260000000000005,53.82983333333332,52.7185,0.0764999999999958
2025-07-27 16:00:00,68.0,690.05,13.875,23.31,30.3,66.0,25.2,998.0,54.181,16,6,7,-0.8660254037844384,-0.5000000000000004,53.67249999999999,54.221,61.501000000000005,53.8165,53.94383333333332,0.5085000000000051
2025-07-27 17:00:00,62.0,730.75,17.76,23.125,29.3,70.0,26.3,999.0,55.4335,17,6,7,-0.9659258262890683,-0.25881904510252063,54.181,53.596,56.483,54.428999999999995,55.24579166666667,1.2525000000000048
2025-07-27 18:00:00,57.0,734.45,22.94,23.865,29.1,70.0,28.1,999.0,57.4855,18,6,7,-1.0,-1.8369701987210297e-16,55.4335,53.67249999999999,55.315,55.699999999999996,56.27937500000001,2.0519999999999996
2025-07-27 19:00:00,48.0,693.75,34.225,25.9,29.3,70.0,27.7,999.0,61.75999999999999,19,6,7,-0.9659258262890684,0.2588190451025203,57.4855,54.181,54.221,58.226333333333336,57.004375,4.274499999999989
2025-07-27 20:00:00,48.0,693.75,34.225,25.9,29.1,70.0,27.7,999.0,61.75999999999999,20,6,7,-0.8660254037844386,0.5000000000000001,61.75999999999999,55.4335,53.596,60.33516666666666,57.222375,0.0
2025-07-27 21:00:00,44.0,671.55,37.74,26.085,29.2,70.0,26.6,999.0,62.31750000000001,21,6,7,-0.7071067811865477,0.7071067811865474,61.75999999999999,57.4855,53.67249999999999,61.945833333333326,57.3105,0.5575000000000188
2025-07-27 22:00:00,41.0,643.8,40.145,25.715,29.0,70.0,26.6,998.0,62.1205,22,6,7,-0.5000000000000004,0.8660254037844384,62.31750000000001,61.75999999999999,54.181,62.065999999999995,57.362125,-0.19700000000000983
2025-07-27 23:00:00,40.0,601.25,40.145,24.975,28.4,74.0,26.6,998.0,60.599500000000006,23,6,7,-0.25881904510252157,0.9659258262890681,62.1205,61.75999999999999,55.4335,61.679166666666674,57.70516666666666,-1.5209999999999937
2025-07-28 00:00:00,42.0,534.65,36.26,23.495,27.6,79.0,27.0,998.0,56.7965,0,0,7,0.0,1.0,60.599500000000006,62.31750000000001,57.4855,59.83883333333333,57.828624999999995,-3.8030000000000044
2025-07-28 02:00:00,50.0,338.55,19.61,18.315,29.0,75.0,30.6,999.0,42.6945,2,0,7,0.49999999999999994,0.8660254037844387,56.7965,62.1205,61.75999999999999,53.36350000000001,56.86808333333334,-14.102000000000004
2025-07-28 04:00:00,52.0,305.25,15.725,17.02,29.2,75.0,31.3,999.0,39.65,4,0,7,0.8660254037844386,0.5000000000000001,42.6945,60.599500000000006,61.75999999999999,46.38033333333333,55.70591666666667,-3.0444999999999993
2025-07-28 05:00:00,53.0,327.45,13.32,16.465,30.4,70.0,29.2,1000.0,38.6735,5,0,7,0.9659258262890683,0.25881904510252074,39.65,56.7965,62.31750000000001,40.33933333333333,54.455999999999996,-0.9765000000000015
2025-07-28 06:00:00,53.0,468.05,14.06,16.835,31.3,66.0,30.6,999.0,42.11450000000001,6,0,7,1.0,6.123233995736766e-17,38.6735,42.6945,62.1205,40.146,53.45045833333334,3.4410000000000096
2025-07-28 07:00:00,53.0,666.0,16.465,17.76,32.1,59.0,33.8,998.0,47.979,7,0,7,0.9659258262890683,-0.25881904510252063,42.11450000000001,39.65,60.599500000000006,42.922333333333334,52.829249999999995,5.8644999999999925
2025-07-28 08:00:00,54.0,784.4,17.575,18.685,32.2,59.0,33.5,998.0,51.7755,8,0,7,0.8660254037844387,-0.4999999999999998,47.979,38.6735,56.7965,47.28966666666667,52.35341666666667,3.7965000000000018
2025-07-28 09:00:00,59.0,741.85,15.355,19.795,31.1,66.0,33.5,998.0,51.6475,9,0,7,0.7071067811865476,-0.7071067811865475,51.7755,42.11450000000001,42.6945,50.46733333333333,51.510708333333326,-0.1280000000000001
2025-07-28 10:00:00,67.0,621.6,11.84,20.905,31.1,66.0,35.3,997.0,50.0885,10,0,7,0.49999999999999994,-0.8660254037844387,51.6475,47.979,39.65,51.170500000000004,50.53808333333333,-1.5589999999999975
2025-07-28 11:00:00,74.0,555.0,8.695,21.645,30.3,70.0,34.6,997.0,49.3395,11,0,7,0.258819045102521,-0.9659258262890682,50.0885,51.7755,38.6735,50.3585,49.45658333333333,-0.7490000000000023
2025-07-28 12:00:00,75.0,540.2,7.4,21.09,30.1,70.0,33.1,997.0,48.289,12,0,7,1.2246467991473532e-16,-1.0,49.3395,51.6475,42.11450000000001,49.239000000000004,48.303958333333334,-1.0504999999999995
2025-07-28 13:00:00,74.0,549.45,7.215,19.98,30.1,70.0,32.4,997.0,47.508,13,0,7,-0.2588190451025208,-0.9659258262890683,48.289,50.0885,47.979,48.37883333333334,47.212999999999994,-0.7809999999999988
2025-07-28 14:00:00,72.0,571.65,7.955,19.055,30.0,70.0,32.4,997.0,47.3335,14,0,7,-0.4999999999999997,-0.8660254037844388,47.508,49.3395,51.7755,47.71016666666667,46.42441666666667,-0.17450000000000188
2025-07-28 15:00:00,68.0,612.35,9.805,18.5,29.2,79.0,31.7,998.0,47.78,15,0,7,-0.7071067811865471,-0.7071067811865479,47.3335,48.289,51.6475,47.5405,46.84820833333333,0.44650000000000034
2025-07-28 16:00:00,63.0,666.0,12.395,17.945,29.1,75.0,31.0,999.0,48.62949999999999,16,0,7,-0.8660254037844384,-0.5000000000000004,47.78,47.508,50.0885,47.91433333333333,47.5965,0.8494999999999919
2025-07-28 17:00:00,58.0,703.0,15.54,17.575,29.2,79.0,29.5,999.0,49.5715,17,0,7,-0.9659258262890683,-0.25881904510252063,48.62949999999999,47.3335,49.3395,48.660333333333334,48.50466666666667,0.9420000000000073
2025-07-28 18:00:00,54.0,712.25,19.61,17.39,29.2,79.0,29.9,1000.0,50.906,18,0,7,-1.0,-1.8369701987210297e-16,49.5715,47.78,48.289,49.702333333333335,49.237291666666664,1.3344999999999985
2025-07-28 19:00:00,47.0,688.2,26.64,17.575,29.2,79.0,32.0,1000.0,52.6355,19,0,7,-0.9659258262890684,0.2588190451025203,50.906,48.62949999999999,47.508,51.03766666666667,49.62533333333334,1.7295000000000016
2025-07-28 20:00:00,47.0,688.2,26.64,17.575,29.1,79.0,32.0,999.0,52.6355,20,0,7,-0.8660254037844386,0.5000000000000001,52.6355,49.5715,47.3335,52.059,49.696999999999996,0.0
2025-07-28 21:00:00,47.0,664.15,26.27,17.575,29.2,79.0,33.5,999.0,51.9325,21,0,7,-0.7071067811865477,0.7071067811865474,52.6355,50.906,47.78,52.40116666666666,49.72075,-0.703000000000003
2025-07-28 22:00:00,48.0,629.0,24.235,17.76,29.3,79.0,34.9,999.0,50.401,22,0,7,-0.5000000000000004,0.8660254037844384,51.9325,52.6355,48.62949999999999,51.65633333333333,49.74679166666667,-1.531499999999994
2025-07-28 23:00:00,50.0,577.2,21.645,17.39,29.3,79.0,33.1,999.0,48.226,23,0,7,-0.25881904510252157,0.9659258262890681,50.401,52.6355,49.5715,50.186499999999995,49.654,-2.1750000000000043
2025-07-29 00:00:00,51.0,492.1,18.5,16.28,27.7,79.0,34.2,997.0,44.382,0,1,7,0.0,1.0,48.226,51.9325,50.906,47.66966666666667,49.32841666666666,-3.844000000000001
2025-07-29 03:00:00,55.0,271.95,9.62,12.765,29.4,75.0,34.9,999.0,34.0935,3,1,7,0.7071067811865476,0.7071067811865476,44.382,50.401,52.6355,42.23383333333333,48.21054166666667,-10.288499999999999
2025-07-29 04:00:00,55.0,257.15,8.325,12.21,30.3,70.0,36.7,999.0,32.742999999999995,4,1,7,0.8660254037844386,0.5000000000000001,34.0935,48.226,52.6355,37.07283333333333,46.99466666666666,-1.3505000000000038
2025-07-29 05:00:00,55.0,294.15,8.325,12.025,30.1,70.0,36.7,999.0,33.3905,5,1,7,0.9659258262890683,0.25881904510252074,32.742999999999995,44.382,51.9325,33.409,45.79554166666666,0.647500000000008
2025-07-29 06:00:00,53.0,434.75,11.47,12.765,30.4,70.0,37.1,999.0,37.8595,6,1,7,1.0,6.123233995736766e-17,33.3905,34.0935,50.401,34.66433333333333,44.898041666666664,4.468999999999994
2025-07-29 07:00:00,51.0,627.15,16.095,14.245,31.3,66.0,39.2,999.0,44.6225,7,1,7,0.9659258262890683,-0.25881904510252063,37.8595,32.742999999999995,48.226,38.62416666666667,44.485625,6.763000000000005
2025-07-29 08:00:00,52.0,740.0,18.315,15.54,30.3,66.0,39.2,999.0,49.159000000000006,8,1,7,0.8660254037844387,-0.4999999999999998,44.6225,33.3905,44.382,43.88033333333333,44.34004166666667,4.536500000000004
2025-07-29 09:00:00,58.0,695.6,15.91,16.835,30.3,66.0,38.5,999.0,49.2755,9,1,7,0.7071067811865476,-0.7071067811865475,49.159000000000006,37.8595,34.0935,47.68566666666667,44.06004166666667,0.11649999999999494
2025-07-29 10:00:00,66.0,573.5,10.915,18.13,30.1,70.0,37.4,998.0,46.884,10,1,7,0.49999999999999994,-0.8660254037844387,49.2755,44.6225,32.742999999999995,48.4395,43.58075,-2.3915000000000006
2025-07-29 11:00:00,73.0,482.85,7.03,18.315,30.1,62.0,36.4,997.0,44.9325,11,1,7,0.258819045102521,-0.9659258262890682,46.884,49.159000000000006,33.3905,47.03066666666667,42.99741666666666,-1.951500000000003
2025-07-29 12:00:00,75.0,466.2,5.92,17.945,31.2,59.0,36.7,997.0,44.3485,12,1,7,1.2246467991473532e-16,-1.0,44.9325,49.2755,37.8595,45.38833333333333,42.49304166666666,-0.5839999999999961
2025-07-29 13:00:00,76.0,475.45,5.18,17.02,30.1,66.0,36.4,997.0,43.927,13,1,7,-0.2588190451025208,-0.9659258262890683,44.3485,46.884,44.6225,44.40266666666667,42.134791666666665,-0.42150000000000176
2025-07-29 14:00:00,75.0,497.65,5.365,16.465,30.3,66.0,34.2,997.0,43.9045,14,1,7,-0.4999999999999997,-0.8660254037844388,43.927,44.9325,49.159000000000006,44.06,42.095000000000006,-0.022500000000000853
2025-07-29 15:00:00,72.0,538.35,6.105,16.465,30.4,66.0,32.8,997.0,44.2625,15,1,7,-0.7071067811865471,-0.7071067811865479,43.9045,44.3485,49.2755,44.03133333333333,42.94241666666667,0.3580000000000041
2025-07-29 16:00:00,68.0,593.85,7.585,16.465,29.0,75.0,31.3,998.0,45.060500000000005,16,1,7,-0.8660254037844384,-0.5000000000000004,44.2625,43.927,46.884,44.40916666666667,43.968875000000004,0.7980000000000018
2025-07-29 17:00:00,63.0,634.55,10.36,16.65,29.4,70.0,31.0,999.0,46.13199999999999,17,1,7,-0.9659258262890683,-0.25881904510252063,45.060500000000005,43.9045,44.9325,45.151666666666664,45.03066666666666,1.0714999999999861
2025-07-29 18:00:00,57.0,651.2,15.91,16.65,29.1,75.0,31.7,999.0,47.995000000000005,18,1,7,-1.0,-1.8369701987210297e-16,46.13199999999999,44.2625,44.3485,46.395833333333336,45.87529166666667,1.8630000000000138
2025-07-29 19:00:00,47.0,647.5,27.38,16.65,29.4,75.0,31.0,999.0,51.803,19,1,7,-0.9659258262890684,0.2588190451025203,47.995000000000005,45.060500000000005,43.927,48.64333333333334,46.47366666666667,3.8079999999999927
2025-07-29 20:00:00,47.0,647.5,27.38,16.65,28.2,79.0,31.0,998.0,51.803,20,1,7,-0.8660254037844386,0.5000000000000001,51.803,46.13199999999999,43.9045,50.53366666666667,46.693999999999996,0.0
2025-07-29 21:00:00,46.0,638.25,27.935,17.02,28.2,74.0,31.7,998.0,51.836,21,1,7,-0.7071067811865477,0.7071067811865474,51.803,47.995000000000005,44.2625,51.814,46.907375,0.03300000000000125
2025-07-29 22:00:00,47.0,619.75,26.27,17.76,28.1,74.0,32.4,997.0,51.137,22,1,7,-0.5000000000000004,0.8660254037844384,51.836,51.803,45.060500000000005,51.592000000000006,47.26179166666666,-0.6989999999999981
2025-07-29 23:00:00,49.0,582.75,23.68,17.76,28.3,74.0,30.2,997.0,49.443000000000005,23,1,7,-0.25881904510252157,0.9659258262890681,51.137,51.803,46.13199999999999,50.80533333333333,47.63766666666667,-1.6939999999999955
2025-07-30 00:00:00,51.0,506.9,20.35,16.835,27.6,81.0,30.2,996.0,46.0655,0,2,7,0.0,1.0,49.443000000000005,51.836,47.995000000000005,48.88183333333333,47.780750000000005,-3.377500000000005
2025-07-30 02:00:00,54.0,336.7,12.95,14.43,29.0,70.0,34.2,997.0,37.919,2,2,7,0.49999999999999994,0.8660254037844387,46.0655,51.137,51.803,44.475833333333334,47.28008333333333,-8.146500000000003
2025-07-30 03:00:00,55.0,290.45,11.1,13.69,29.3,70.0,34.9,998.0,35.814,3,2,7,0.7071067811865476,0.7071067811865476,37.919,49.443000000000005,51.803,39.93283333333333,46.605875000000005,-2.104999999999997
2025-07-30 04:00:00,55.0,268.25,10.175,13.135,29.2,75.0,33.8,998.0,34.5375,4,2,7,0.8660254037844386,0.5000000000000001,35.814,46.0655,51.836,36.09016666666667,45.79545833333333,-1.2764999999999986
2025-07-30 05:00:00,55.0,301.55,10.175,13.135,30.3,70.0,34.6,998.0,35.203500000000005,5,2,7,0.9659258262890683,0.25881904510252074,34.5375,37.919,51.137,35.185,44.974041666666665,0.6660000000000039
2025-07-30 06:00:00,54.0,447.7,11.84,13.875,30.3,70.0,34.9,998.0,39.1955,6,2,7,1.0,6.123233995736766e-17,35.203500000000005,35.814,49.443000000000005,36.31216666666667,44.395999999999994,3.9919999999999973
2025-07-30 07:00:00,54.0,649.35,14.43,15.17,30.1,70.0,33.8,998.0,45.43,7,2,7,0.9659258262890683,-0.25881904510252063,39.1955,34.5375,46.0655,39.943000000000005,44.18225,6.234499999999997
2025-07-30 08:00:00,56.0,769.6,15.54,16.65,31.2,66.0,32.8,997.0,49.84100000000001,8,2,7,0.8660254037844387,-0.4999999999999998,45.43,35.203500000000005,37.919,44.822166666666675,44.018750000000004,4.4110000000000085
2025-07-30 09:00:00,63.0,725.2,13.505,18.315,32.1,59.0,30.6,997.0,50.6645,9,2,7,0.7071067811865476,-0.7071067811865475,49.84100000000001,39.1955,35.814,48.64516666666666,43.923875,0.8234999999999886
2025-07-30 10:00:00,72.0,599.4,9.99,20.165,33.3,56.0,30.2,997.0,49.66449999999999,10,2,7,0.49999999999999994,-0.8660254037844387,50.6645,45.43,34.5375,50.056666666666665,43.742916666666666,-1.000000000000007
2025-07-30 11:00:00,80.0,505.05,7.215,21.645,31.3,63.0,30.6,996.0,49.2525,11,2,7,0.258819045102521,-0.9659258262890682,49.66449999999999,49.84100000000001,35.203500000000005,49.860499999999995,43.585874999999994,-0.41199999999999193
2025-07-30 12:00:00,85.0,482.85,6.105,22.2,31.1,66.0,30.6,996.0,49.92,12,2,7,1.2246467991473532e-16,-1.0,49.2525,50.6645,39.1955,49.61233333333333,43.62562500000001,0.667500000000004
2025-07-30 13:00:00,88.0,493.95,5.735,22.385,30.4,70.0,30.2,997.0,50.9125,13,2,7,-0.2588190451025208,-0.9659258262890683,49.92,49.66449999999999,45.43,50.028333333333336,44.02954166666667,0.9924999999999997
2025-07-30 14:00:00,89.0,521.7,6.29,22.57,30.3,70.0,28.1,997.0,52.193,14,2,7,-0.4999999999999997,-0.8660254037844388,50.9125,49.2525,49.84100000000001,51.0085,45.21904166666667,1.2804999999999964
2025-07-30 15:00:00,86.0,577.2,7.4,22.94,29.1,75.0,25.6,997.0,53.254000000000005,15,2,7,-0.7071067811865471,-0.7071067811865479,52.193,49.92,50.6645,52.11983333333333,46.672374999999995,1.061000000000007
2025-07-30 16:00:00,79.0,653.05,9.435,23.125,29.3,75.0,25.2,998.0,53.9845,16,2,7,-0.8660254037844384,-0.5000000000000004,53.254000000000005,50.9125,49.66449999999999,53.14383333333333,48.29295833333333,0.7304999999999922
2025-07-30 17:00:00,69.0,743.7,12.58,21.645,29.3,75.0,21.6,998.0,53.9445,17,2,7,-0.9659258262890683,-0.25881904510252063,53.9845,52.193,49.2525,53.727666666666664,49.85470833333334,-0.03999999999999915
2025-07-30 18:00:00,60.0,765.9,21.09,21.83,29.4,75.0,23.0,999.0,56.887,18,2,7,-1.0,-1.8369701987210297e-16,53.9445,53.254000000000005,49.92,54.93866666666667,51.329,2.9425000000000026
2025-07-30 19:00:00,41.0,754.8,39.775,22.2,29.2,70.0,25.9,999.0,62.361,19,2,7,-0.9659258262890684,0.2588190451025203,56.887,53.9845,50.9125,57.73083333333333,52.739916666666666,5.473999999999997
2025-07-30 20:00:00,41.0,754.8,39.775,22.2,29.2,70.0,25.9,999.0,62.361,20,2,7,-0.8660254037844386,0.5000000000000001,62.361,53.9445,52.193,60.536333333333324,53.78325,0.0
2025-07-30 21:00:00,38.0,736.3,42.55,22.57,29.4,70.0,25.2,998.0,62.941,21,2,7,-0.7071067811865477,0.7071067811865474,62.361,56.887,53.254000000000005,62.55433333333334,54.80629166666666,0.5800000000000054
2025-07-30 22:00:00,38.0,706.7,42.18,23.125,29.2,70.0,24.8,998.0,62.4045,22,2,7,-0.5000000000000004,0.8660254037844384,62.941,62.361,53.9845,62.56883333333334,55.86795833333333,-0.5365000000000038
2025-07-30 23:00:00,39.0,667.85,40.33,22.94,29.1,70.0,23.0,997.0,60.725,23,2,7,-0.25881904510252157,0.9659258262890681,62.4045,62.361,53.9445,62.023500000000006,56.824000000000005,-1.6794999999999973
2025-07-31 00:00:00,43.0,545.75,30.71,19.61,28.0,78.0,18.7,997.0,52.046,0,3,7,0.0,1.0,60.725,62.941,56.887,58.39183333333333,57.001166666666656,-8.679000000000002
2025-07-31 02:00:00,45.0,425.5,23.31,18.13,29.3,75.0,21.2,999.0,45.06099999999999,2,3,7,0.49999999999999994,0.8660254037844387,52.046,62.4045,62.361,52.61066666666667,56.51354166666667,-6.9850000000000065
2025-07-31 06:00:00,48.0,569.8,20.165,23.495,31.3,59.0,25.6,1000.0,49.6425,6,3,7,1.0,6.123233995736766e-17,45.06099999999999,60.725,62.361,48.916500000000006,56.300999999999995,4.5815000000000055
2025-07-31 07:00:00,51.0,821.4,20.535,27.75,30.1,59.0,24.5,1000.0,57.924,7,3,7,0.9659258262890683,-0.25881904510252063,49.6425,52.046,62.941,50.87583333333333,56.69016666666667,8.281500000000001
2025-07-31 08:00:00,56.0,969.4,20.165,31.265,30.0,62.0,24.1,1000.0,63.919500000000006,8,3,7,0.8660254037844387,-0.4999999999999998,57.924,45.06099999999999,62.4045,57.162,57.51808333333333,5.995500000000007
2025-07-31 09:00:00,63.0,908.35,18.13,33.115,32.4,56.0,22.7,999.0,64.5025,9,3,7,0.7071067811865476,-0.7071067811865475,63.919500000000006,49.6425,60.725,62.11533333333333,58.39791666666667,0.5829999999999913
2025-07-31 10:00:00,71.0,743.7,15.17,34.04,32.1,56.0,23.8,999.0,62.29599999999999,10,3,7,0.49999999999999994,-0.8660254037844387,64.5025,57.924,52.046,63.57266666666666,58.84866666666667,-2.2065000000000055
2025-07-31 11:00:00,79.0,614.2,12.58,34.04,32.2,56.0,24.8,999.0,60.55199999999999,11,3,7,0.258819045102521,-0.9659258262890682,62.29599999999999,63.919500000000006,45.06099999999999,62.45016666666666,58.697916666666664,-1.7439999999999998
2025-07-31 12:00:00,87.0,573.5,10.175,32.56,31.2,59.0,23.4,998.0,59.955,12,3,7,1.2246467991473532e-16,-1.0,60.55199999999999,64.5025,49.6425,60.934333333333335,58.49741666666667,-0.5969999999999942
2025-07-31 13:00:00,94.0,567.95,7.955,30.155,30.3,62.0,22.3,999.0,59.4095,13,3,7,-0.2588190451025208,-0.9659258262890683,59.955,62.29599999999999,57.924,59.97216666666666,58.203125,-0.545499999999997
2025-07-31 14:00:00,96.0,580.9,7.585,28.305,30.3,62.0,20.9,999.0,59.1215,14,3,7,-0.4999999999999997,-0.8660254037844388,59.4095,60.55199999999999,63.919500000000006,59.49533333333333,57.929541666666665,-0.2880000000000038
2025-07-31 15:00:00,89.0,617.9,9.62,27.565,29.2,70.0,21.2,1000.0,58.6125,15,3,7,-0.7071067811865471,-0.7071067811865479,59.1215,59.955,64.5025,59.04783333333333,57.753499999999995,-0.5090000000000003
2025-07-31 16:00:00,76.0,673.4,13.135,27.38,29.3,70.0,20.2,1000.0,57.839,16,3,7,-0.8660254037844384,-0.5000000000000004,58.6125,59.4095,62.29599999999999,58.524333333333324,58.23624999999999,-0.7734999999999985
2025-07-31 17:00:00,64.0,719.65,17.575,27.565,29.2,75.0,19.4,1001.0,57.9205,17,3,7,-0.9659258262890683,-0.25881904510252063,57.839,59.1215,60.55199999999999,58.123999999999995,59.307874999999996,0.08149999999999835
2025-07-31 18:00:00,55.0,751.1,23.495,28.305,29.1,75.0,20.2,1001.0,59.7715,18,3,7,-1.0,-1.8369701987210297e-16,57.9205,58.6125,59.955,58.510333333333335,60.15195833333333,1.8510000000000062
2025-07-31 19:00:00,41.0,777.0,34.965,29.97,29.1,75.0,20.2,1001.0,63.804,19,3,7,-0.9659258262890684,0.2588190451025203,59.7715,57.839,59.4095,60.49866666666667,60.64195833333333,4.032499999999999
2025-07-31 20:00:00,41.0,777.0,34.965,29.97,29.3,75.0,20.2,1001.0,63.804,20,3,7,-0.8660254037844386,0.5000000000000001,63.804,57.9205,59.1215,62.459833333333336,60.63233333333333,0.0
2025-07-31 21:00:00,39.0,765.9,35.705,29.6,29.4,75.0,19.4,1000.0,63.241,21,3,7,-0.7071067811865477,0.7071067811865474,63.804,59.7715,58.6125,63.61633333333333,60.52720833333333,-0.5630000000000024
2025-07-31 22:00:00,40.0,738.15,34.225,28.86,29.3,79.0,20.2,1000.0,61.728,22,3,7,-0.5000000000000004,0.8660254037844384,63.241,63.804,57.839,62.92433333333333,60.479875,-1.5129999999999981
2025-07-31 23:00:00,41.0,688.2,32.005,27.38,28.4,84.0,19.1,999.0,58.957,23,3,7,-0.25881904510252157,0.9659258262890681,61.728,63.804,57.9205,61.30866666666666,60.34695833333333,-2.771000000000001
2025-08-01 00:00:00,42.0,597.55,29.415,24.975,28.0,80.0,17.3,999.0,54.6875,0,4,8,0.0,1.0,58.957,63.241,59.7715,58.4575,59.907999999999994,-4.269500000000001
2025-08-01 03:00:00,40.0,405.15,24.79,15.355,29.3,75.0,18.4,1001.0,42.6545,3,4,8,0.7071067811865476,0.7071067811865476,54.6875,61.728,63.804,52.09966666666666,58.51175,-12.033000000000001
2025-08-01 04:00:00,40.0,358.9,22.2,14.985,28.2,84.0,20.2,1002.0,39.9905,4,4,8,0.8660254037844386,0.5000000000000001,42.6545,58.957,63.804,45.777499999999996,56.9175,-2.6640000000000015
2025-08-01 05:00:00,41.0,386.65,20.72,15.355,29.2,75.0,21.6,1002.0,40.1425,5,4,8,0.9659258262890683,0.25881904510252074,39.9905,54.6875,63.241,40.92916666666667,55.37833333333334,0.15200000000000102
2025-08-01 06:00:00,42.0,566.1,21.83,17.205,30.4,70.0,23.0,1002.0,45.6225,6,4,8,1.0,6.123233995736766e-17,40.1425,42.6545,61.728,41.9185,54.36029166666666,5.480000000000004
2025-08-01 07:00:00,43.0,819.55,24.05,19.98,32.2,56.0,25.6,1002.0,53.711,7,4,8,0.9659258262890683,-0.25881904510252063,45.6225,39.9905,58.957,46.492,54.0095,8.088499999999996
2025-08-01 08:00:00,47.0,963.85,24.42,22.57,32.2,56.0,26.3,1002.0,59.31400000000001,8,4,8,0.8660254037844387,-0.4999999999999998,53.711,40.1425,54.6875,52.8825,53.971375,5.603000000000009
2025-08-01 09:00:00,55.0,889.85,20.72,24.79,33.3,49.0,27.0,1002.0,59.124,9,4,8,0.7071067811865476,-0.7071067811865475,59.31400000000001,45.6225,42.6545,57.383,53.581375,-0.19000000000000483
2025-08-01 10:00:00,65.0,708.55,14.985,26.825,33.0,49.0,27.7,1001.0,56.0745,10,4,8,0.49999999999999994,-0.8660254037844387,59.124,53.711,39.9905,58.17083333333334,52.937250000000006,-3.049500000000002
2025-08-01 11:00:00,74.0,562.4,8.88,25.345,32.3,56.0,26.3,1001.0,51.4485,11,4,8,0.258819045102521,-0.9659258262890682,56.0745,59.31400000000001,40.1425,55.549,51.95454166666667,-4.625999999999998
2025-08-01 12:00:00,76.0,529.1,7.215,24.605,31.0,55.0,26.3,1001.0,50.0135,12,4,8,1.2246467991473532e-16,-1.0,51.4485,59.124,45.6225,52.51216666666667,50.97833333333333,-1.4350000000000023
2025-08-01 13:00:00,76.0,538.35,6.845,22.94,30.1,62.0,27.4,1001.0,49.144,13,4,8,-0.2588190451025208,-0.9659258262890683,50.0135,56.0745,53.711,50.202,50.160583333333335,-0.8695000000000022
2025-08-01 14:00:00,74.0,562.4,7.215,21.645,30.1,62.0,26.3,1001.0,48.5995,14,4,8,-0.4999999999999997,-0.8660254037844388,49.144,51.4485,59.31400000000001,49.25233333333333,49.65325000000001,-0.5444999999999993
2025-08-01 15:00:00,71.0,606.8,8.325,21.275,30.0,66.0,25.2,1001.0,49.0685,15,4,8,-0.7071067811865471,-0.7071067811865479,48.5995,50.0135,59.124,48.937333333333335,50.18775,0.4690000000000012
2025-08-01 16:00:00,74.0,562.4,8.88,25.345,29.1,70.0,26.3,1002.0,51.4485,16,4,8,-0.8660254037844384,-0.5000000000000004,49.0685,49.144,56.0745,49.7055,51.142583333333334,2.3800000000000026
2025-08-01 17:00:00,60.0,710.4,14.06,21.46,29.1,70.0,23.8,1002.0,51.374,17,4,8,-0.9659258262890683,-0.25881904510252063,51.4485,48.5995,51.4485,50.63033333333333,52.078541666666666,-0.07450000000000045
2025-08-01 18:00:00,52.0,723.35,21.645,22.385,28.4,74.0,23.8,1002.0,54.246500000000005,18,4,8,-1.0,-1.8369701987210297e-16,51.374,49.0685,50.0135,52.35633333333334,52.79720833333334,2.8725000000000023
2025-08-01 19:00:00,38.0,712.25,37.555,24.05,29.3,75.0,26.3,1003.0,60.203,19,4,8,-0.9659258262890684,0.2588190451025203,54.246500000000005,51.4485,49.144,55.27450000000001,53.33820833333334,5.956499999999998
2025-08-01 20:00:00,38.0,712.25,37.555,24.05,29.1,70.0,26.3,1003.0,60.203,20,4,8,-0.8660254037844386,0.5000000000000001,60.203,51.374,48.5995,58.21750000000001,53.41229166666667,0.0
2025-08-01 21:00:00,36.0,708.55,38.85,23.495,29.4,70.0,25.6,1002.0,60.0285,21,4,8,-0.7071067811865477,0.7071067811865474,60.203,54.246500000000005,49.0685,60.14483333333334,53.48766666666668,-0.17450000000000188
2025-08-01 22:00:00,37.0,699.3,37.185,22.385,29.2,70.0,23.8,1001.0,58.5895,22,4,8,-0.5000000000000004,0.8660254037844384,60.0285,60.203,51.4485,59.607,53.69725,-1.439
2025-08-01 23:00:00,38.0,669.7,34.225,20.905,28.3,74.0,25.9,1001.0,55.7815,23,4,8,-0.25881904510252157,0.9659258262890681,58.5895,60.203,51.374,58.13316666666666,54.05833333333334,-2.808
2025-08-02 00:00:00,40.0,601.25,30.155,18.87,27.8,77.0,23.8,1001.0,51.553,0,5,8,0.0,1.0,55.7815,60.0285,54.246500000000005,55.30799999999999,54.186625,-4.228500000000004
2025-08-02 02:00:00,44.0,438.45,20.35,14.8,28.3,79.0,25.9,1002.0,41.579,2,5,8,0.49999999999999994,0.8660254037844387,51.553,58.5895,60.203,49.63783333333333,53.55620833333333,-9.973999999999997
2025-08-02 03:00:00,46.0,381.1,16.465,13.69,28.2,74.0,28.8,1002.0,38.146,3,5,8,0.7071067811865476,0.7071067811865476,41.579,55.7815,60.203,43.75933333333333,52.68508333333333,-3.433
2025-08-02 04:00:00,48.0,344.1,13.32,12.95,29.3,70.0,31.0,1002.0,35.749,4,5,8,0.8660254037844386,0.5000000000000001,38.146,51.553,60.0285,38.49133333333334,51.57512499999999,-2.3969999999999985
2025-08-02 05:00:00,49.0,370.0,12.025,13.135,29.3,75.0,29.5,1003.0,35.8825,5,5,8,0.9659258262890683,0.25881904510252074,35.749,41.579,58.5895,36.5925,50.27795833333334,0.13349999999999795
2025-08-02 06:00:00,49.0,530.95,14.245,14.43,30.3,66.0,29.2,1003.0,41.081,6,5,8,1.0,6.123233995736766e-17,35.8825,38.146,55.7815,37.57083333333333,49.420208333333335,5.198500000000003
2025-08-02 07:00:00,48.0,758.5,18.315,16.465,30.1,62.0,29.5,1002.0,48.7915,7,5,8,0.9659258262890683,-0.25881904510252063,41.081,35.749,51.553,41.91833333333333,48.96562500000001,7.710499999999996
2025-08-02 08:00:00,49.0,889.85,20.535,18.5,31.3,59.0,29.5,1002.0,54.068,8,5,8,0.8660254037844387,-0.4999999999999998,48.7915,35.8825,41.579,47.98016666666667,48.454375000000006,5.276499999999999
2025-08-02 09:00:00,53.0,826.95,18.685,20.35,32.1,49.0,31.3,1002.0,53.825,9,5,8,0.7071067811865476,-0.7071067811865475,54.068,41.081,38.146,52.22816666666666,47.922875,-0.242999999999995
2025-08-02 10:00:00,59.0,667.85,14.8,22.2,31.1,59.0,31.7,1001.0,51.037,10,5,8,0.49999999999999994,-0.8660254037844387,53.825,48.7915,35.749,52.97666666666667,47.17358333333333,-2.788000000000004
2025-08-02 11:00:00,59.0,638.25,16.65,26.64,32.0,52.0,32.4,1001.0,53.775,11,5,8,0.258819045102521,-0.9659258262890682,51.037,54.068,35.8825,52.879,46.772375000000004,2.7379999999999995
2025-08-02 12:00:00,61.0,590.15,14.245,26.085,31.3,59.0,32.8,1000.0,51.6925,12,5,8,1.2246467991473532e-16,-1.0,53.775,53.825,41.081,52.16816666666667,46.431625,-2.082499999999996
2025-08-02 13:00:00,63.0,562.4,12.395,24.42,30.3,59.0,31.7,1001.0,49.795,13,5,8,-0.2588190451025208,-0.9659258262890683,51.6925,51.037,48.7915,51.75416666666666,46.285125,-1.8975000000000009
2025-08-02 14:00:00,63.0,564.25,11.47,23.125,30.3,62.0,30.6,1001.0,48.6295,14,5,8,-0.4999999999999997,-0.8660254037844388,49.795,53.775,54.068,50.038999999999994,46.872666666666674,-1.1655000000000015
2025-08-02 15:00:00,62.0,604.95,11.655,22.755,29.0,66.0,29.2,1001.0,49.0695,15,5,8,-0.7071067811865471,-0.7071067811865479,48.6295,51.6925,53.825,49.16466666666667,47.78295833333333,0.4399999999999977
2025-08-02 16:00:00,61.0,671.55,13.135,22.755,29.2,66.0,27.4,1002.0,50.98949999999999,16,5,8,-0.8660254037844384,-0.5000000000000004,49.0695,49.795,51.037,49.56283333333332,49.053000000000004,1.9199999999999946
2025-08-02 17:00:00,57.0,732.6,17.02,22.57,29.2,66.0,24.5,1002.0,53.249,17,5,8,-0.9659258262890683,-0.25881904510252063,50.98949999999999,48.6295,53.775,51.102666666666664,50.50020833333334,2.25950000000001
2025-08-02 18:00:00,50.0,784.4,26.085,22.385,29.0,70.0,24.8,1003.0,57.5315,18,5,8,-1.0,-1.8369701987210297e-16,53.249,49.0695,51.6925,53.923333333333325,51.87108333333333,4.282499999999999
2025-08-02 19:00:00,34.0,849.15,45.325,21.645,29.1,70.0,26.3,1003.0,65.2005,19,5,8,-0.9659258262890684,0.2588190451025203,57.5315,50.98949999999999,49.795,58.660333333333334,53.238499999999995,7.669000000000004
2025-08-02 20:00:00,34.0,849.15,45.325,21.645,29.2,70.0,26.3,1003.0,65.2005,20,5,8,-0.8660254037844386,0.5000000000000001,65.2005,53.249,48.6295,62.64416666666667,54.16620833333334,0.0
2025-08-02 21:00:00,33.0,825.1,45.695,20.905,29.1,70.0,27.0,1002.0,64.2715,21,5,8,-0.7071067811865477,0.7071067811865474,65.2005,57.5315,49.0695,64.89083333333333,55.036750000000005,-0.929000000000002
2025-08-02 22:00:00,34.0,773.3,41.995,19.98,28.1,74.0,29.2,1002.0,60.853,22,5,8,-0.5000000000000004,0.8660254037844384,64.2715,65.2005,50.98949999999999,63.44166666666666,55.85475,-3.4185000000000016
2025-08-02 23:00:00,36.0,699.3,37.37,18.87,28.3,74.0,28.4,1002.0,56.643,23,5,8,-0.25881904510252157,0.9659258262890681,60.853,65.2005,53.249,60.58916666666667,56.09375,-4.210000000000001
2025-08-03 00:00:00,39.0,590.15,32.19,17.39,27.6,77.0,27.7,1001.0,51.51199999999999,0,6,8,0.0,1.0,56.643,64.2715,57.5315,56.33599999999999,56.07870833333334,-5.131000000000007
2025-08-03 03:00:00,47.0,310.8,17.205,13.69,28.2,79.0,26.6,1003.0,37.484,3,6,8,0.7071067811865476,0.7071067811865476,51.51199999999999,60.853,65.2005,48.54633333333333,55.05279166666666,-14.027999999999992
2025-08-03 04:00:00,47.0,292.3,14.615,13.32,29.2,75.0,25.6,1003.0,35.375,4,6,8,0.8660254037844386,0.5000000000000001,37.484,56.643,65.2005,41.456999999999994,53.948249999999994,-2.1090000000000018
2025-08-03 05:00:00,48.0,333.0,13.69,13.69,30.1,66.0,25.6,1003.0,36.119,5,6,8,0.9659258262890683,0.25881904510252074,35.375,51.51199999999999,64.2715,36.326,52.86904166666667,0.7439999999999998
2025-08-03 06:00:00,48.0,490.25,16.095,15.355,30.0,70.0,27.4,1004.0,41.5395,6,6,8,1.0,6.123233995736766e-17,36.119,37.484,60.853,37.67783333333333,52.08154166666666,5.420499999999997
2025-08-03 07:00:00,47.0,706.7,20.35,17.945,30.3,66.0,27.0,1003.0,49.4165,7,6,8,0.9659258262890683,-0.25881904510252063,41.5395,35.375,56.643,42.358333333333334,51.762166666666666,7.8770000000000024
2025-08-03 08:00:00,49.0,834.35,22.57,20.35,31.1,63.0,27.0,1003.0,55.104,8,6,8,0.8660254037844387,-0.4999999999999998,49.4165,36.119,51.51199999999999,48.68666666666667,51.559875000000005,5.6875
2025-08-03 09:00:00,54.0,786.25,20.35,22.57,31.2,63.0,27.0,1003.0,55.42,9,6,8,0.7071067811865476,-0.7071067811865475,55.104,41.5395,37.484,53.3135,50.74483333333333,0.3160000000000025
2025-08-03 10:00:00,61.0,649.35,16.28,24.79,31.1,59.0,26.3,1002.0,53.45,10,6,8,0.49999999999999994,-0.8660254037844387,55.42,49.4165,35.375,54.657999999999994,49.765625,-1.9699999999999989
2025-08-03 11:00:00,72.0,590.15,10.545,24.05,31.1,59.0,27.7,1002.0,51.755,11,6,8,0.258819045102521,-0.9659258262890682,53.45,55.104,36.119,53.541666666666664,48.72258333333334,-1.6950000000000003
2025-08-03 12:00:00,76.0,540.2,8.325,23.495,31.2,59.0,27.7,1002.0,50.346500000000006,12,6,8,1.2246467991473532e-16,-1.0,51.755,55.42,41.5395,51.850500000000004,47.84704166666666,-1.4084999999999965
2025-08-03 13:00:00,79.0,527.25,7.215,22.385,31.2,59.0,27.0,1002.0,49.7665,13,6,8,-0.2588190451025208,-0.9659258262890683,50.346500000000006,53.45,49.4165,50.62266666666667,47.274,-0.5800000000000054
2025-08-03 14:00:00,79.0,542.05,7.03,21.46,30.2,62.0,24.8,1002.0,49.489,14,6,8,-0.4999999999999997,-0.8660254037844388,49.7665,51.755,55.104,49.867333333333335,47.10541666666666,-0.2775000000000034
2025-08-03 15:00:00,76.0,597.55,7.585,21.275,30.4,62.0,25.9,1003.0,49.9395,15,6,8,-0.7071067811865471,-0.7071067811865479,49.489,50.346500000000006,55.42,49.73166666666666,48.143375,0.45050000000000523
2025-08-03 16:00:00,70.0,680.8,9.25,21.645,29.4,66.0,25.6,1003.0,50.9885,16,6,8,-0.8660254037844384,-0.5000000000000004,49.9395,49.7665,53.45,50.139,49.444500000000005,1.0489999999999995
2025-08-03 17:00:00,63.0,745.55,13.69,21.83,29.4,66.0,23.4,1004.0,52.94,17,6,8,-0.9659258262890683,-0.25881904510252063,50.9885,49.489,51.755,51.28933333333333,50.84625,1.9514999999999958
2025-08-03 18:00:00,53.0,777.0,23.865,22.2,28.1,70.0,24.1,1004.0,56.859,18,6,8,-1.0,-1.8369701987210297e-16,52.94,49.9395,50.346500000000006,53.59583333333333,52.122875,3.919000000000004
2025-08-03 19:00:00,34.0,793.65,45.325,22.755,28.2,74.0,25.9,1004.0,64.6455,19,6,8,-0.9659258262890684,0.2588190451025203,56.859,50.9885,49.7665,58.14816666666667,53.39195833333334,7.786499999999997
2025-08-03 20:00:00,34.0,793.65,45.325,22.755,27.2,84.0,25.9,1004.0,64.6455,20,6,8,-0.8660254037844386,0.5000000000000001,64.6455,52.94,49.489,62.04999999999999,54.187083333333334,0.0
2025-08-03 21:00:00,32.0,797.35,46.62,22.57,27.1,89.0,25.9,1004.0,64.804,21,6,8,-0.7071067811865477,0.7071067811865474,64.6455,56.859,49.9395,64.69833333333332,54.96908333333334,0.15850000000000364
2025-08-03 22:00:00,33.0,789.95,43.66,22.2,28.3,74.0,27.0,1004.0,62.995,22,6,8,-0.5000000000000004,0.8660254037844384,64.804,64.6455,50.9885,64.14816666666665,55.7645,-1.8090000000000046
2025-08-03 23:00:00,35.0,745.55,39.405,21.275,28.0,74.0,26.3,1003.0,59.691500000000005,23,6,8,-0.25881904510252157,0.9659258262890681,62.995,64.6455,52.94,62.496833333333335,56.425875,-3.3034999999999926
2025-08-04 00:00:00,37.0,632.7,34.04,19.24,27.5,78.0,25.6,1004.0,53.798,0,0,8,0.0,1.0,59.691500000000005,64.804,56.859,58.82816666666667,56.7135,-5.893500000000003
2025-08-04 03:00:00,45.0,310.8,18.13,13.69,28.2,79.0,28.1,1004.0,37.439,3,0,8,0.7071067811865476,0.7071067811865476,53.798,62.995,64.6455,50.30949999999999,55.68620833333333,-16.359
2025-08-04 04:00:00,46.0,286.75,15.17,12.95,29.3,70.0,29.5,1005.0,35.112,4,0,8,0.8660254037844386,0.5000000000000001,37.439,59.691500000000005,64.6455,42.11633333333333,54.488125,-2.326999999999998
2025-08-04 05:00:00,47.0,331.15,13.69,13.135,29.1,75.0,29.2,1005.0,35.5045,5,0,8,0.9659258262890683,0.25881904510252074,35.112,53.798,64.804,36.018499999999996,53.28520833333334,0.3924999999999983
2025-08-04 06:00:00,47.0,519.85,15.17,14.43,31.3,63.0,29.9,1005.0,40.81400000000001,6,0,8,1.0,6.123233995736766e-17,35.5045,37.439,62.995,37.143499999999996,52.437333333333335,5.309500000000007
2025-08-04 07:00:00,47.0,778.85,18.13,16.65,32.2,52.0,31.7,1004.0,48.88,7,0,8,0.9659258262890683,-0.25881904510252063,40.81400000000001,35.112,59.691500000000005,41.73283333333333,52.099,8.065999999999995
2025-08-04 08:00:00,50.0,925.0,19.425,18.87,32.3,49.0,31.0,1005.0,54.59,8,0,8,0.8660254037844387,-0.4999999999999998,48.88,35.5045,53.798,48.09466666666666,51.909916666666675,5.710000000000001
2025-08-04 09:00:00,57.0,845.45,16.835,20.905,31.3,55.0,31.7,1004.0,54.5625,9,0,8,0.7071067811865476,-0.7071067811865475,54.59,40.81400000000001,37.439,52.6775,51.06966666666667,-0.02750000000000341
2025-08-04 10:00:00,67.0,653.05,12.58,22.94,32.3,49.0,32.0,1004.0,52.179,10,0,8,0.49999999999999994,-0.8660254037844387,54.5625,48.88,35.112,53.777166666666666,50.030791666666666,-2.383499999999998
2025-08-04 11:00:00,78.0,577.2,7.955,23.495,31.1,55.0,32.0,1003.0,51.4645,11,0,8,0.258819045102521,-0.9659258262890682,52.179,54.59,35.5045,52.73533333333333,48.91916666666666,-0.714500000000001
2025-08-04 12:00:00,81.0,540.2,6.29,22.755,30.2,59.0,32.0,1003.0,50.2555,12,0,8,1.2246467991473532e-16,-1.0,51.4645,54.5625,40.81400000000001,51.29966666666667,47.85754166666667,-1.2090000000000032
2025-08-04 13:00:00,82.0,532.8,5.735,21.275,30.4,59.0,31.7,1003.0,49.33449999999999,13,0,8,-0.2588190451025208,-0.9659258262890683,50.2555,52.179,48.88,50.351499999999994,46.994458333333334,-0.9210000000000065
2025-08-04 14:00:00,80.0,545.75,6.105,20.165,30.1,59.0,29.9,1003.0,48.6605,14,0,8,-0.4999999999999997,-0.8660254037844388,49.33449999999999,51.4645,54.59,49.41683333333332,46.566333333333326,-0.6739999999999924
2025-08-04 15:00:00,76.0,588.3,7.03,19.795,29.2,66.0,29.2,1003.0,48.6815,15,0,8,-0.7071067811865471,-0.7071067811865479,48.6605,50.2555,54.5625,48.89216666666666,47.50320833333333,0.021000000000000796
2025-08-04 16:00:00,69.0,651.2,9.065,19.795,29.3,70.0,29.5,1004.0,49.0605,16,0,8,-0.8660254037844384,-0.5000000000000004,48.6815,49.33449999999999,52.179,48.80083333333332,48.66558333333334,0.3789999999999978
2025-08-04 17:00:00,62.0,699.3,12.21,19.795,29.3,70.0,28.4,1004.0,49.80949999999999,17,0,8,-0.9659258262890683,-0.25881904510252063,49.0605,48.6605,51.4645,49.183833333333325,49.85766666666667,0.7489999999999952
2025-08-04 18:00:00,55.0,719.65,17.945,20.165,29.3,66.0,29.5,1004.0,51.74249999999999,18,0,8,-1.0,-1.8369701987210297e-16,49.80949999999999,48.6815,50.2555,50.20416666666665,50.76837499999999,1.9329999999999998
2025-08-04 19:00:00,42.0,715.95,29.97,20.72,28.1,74.0,31.0,1004.0,55.261,19,0,8,-0.9659258262890684,0.2588190451025203,51.74249999999999,49.0605,49.33449999999999,52.270999999999994,51.300125,3.51850000000001
2025-08-04 20:00:00,42.0,715.95,29.97,20.72,27.1,84.0,31.0,1004.0,55.261,20,0,8,-0.8660254037844386,0.5000000000000001,55.261,49.80949999999999,48.6605,54.088166666666666,51.35604166666666,0.0
2025-08-04 21:00:00,40.0,699.3,31.08,19.98,27.3,84.0,32.0,1003.0,54.624,21,0,8,-0.7071067811865477,0.7071067811865474,55.261,51.74249999999999,48.6815,55.04866666666666,51.36116666666666,-0.6370000000000005
2025-08-04 22:00:00,41.0,669.7,29.785,18.685,28.3,74.0,32.0,1003.0,52.9075,22,0,8,-0.5000000000000004,0.8660254037844384,54.624,55.261,49.0605,54.26416666666666,51.421875,-1.7165000000000035
2025-08-04 23:00:00,42.0,617.9,27.565,17.39,28.1,74.0,32.4,1002.0,50.192,23,0,8,-0.25881904510252157,0.9659258262890681,52.9075,55.261,49.80949999999999,52.5745,51.31583333333334,-2.7154999999999987
2025-08-05 00:00:00,44.0,525.4,23.865,15.91,27.0,80.0,31.7,1003.0,45.982,0,1,8,0.0,1.0,50.192,54.624,51.74249999999999,49.69383333333332,50.95970833333333,-4.210000000000001
2025-08-05 02:00:00,49.0,281.2,12.21,12.025,28.4,74.0,32.4,1003.0,33.6625,2,1,8,0.49999999999999994,0.8660254037844387,45.982,52.9075,55.261,43.27883333333333,49.653708333333334,-12.319499999999998
2025-08-05 04:00:00,50.0,264.55,10.36,11.47,28.3,74.0,34.6,1004.0,32.242,4,1,8,0.8660254037844386,0.5000000000000001,33.6625,50.192,55.261,37.2955,48.285500000000006,-1.420500000000004
2025-08-05 05:00:00,51.0,301.55,9.805,11.47,30.1,62.0,34.6,1004.0,32.949,5,1,8,0.9659258262890683,0.25881904510252074,32.242,45.982,54.624,32.95116666666666,46.97445833333333,0.7070000000000007
2025-08-05 06:00:00,50.0,451.4,12.21,12.58,30.4,66.0,34.2,1004.0,37.644,6,1,8,1.0,6.123233995736766e-17,32.949,33.6625,52.9075,34.27833333333333,46.023083333333325,4.695
2025-08-05 07:00:00,49.0,656.75,15.91,14.43,30.3,62.0,33.5,1004.0,44.596,7,1,8,0.9659258262890683,-0.25881904510252063,37.644,32.242,50.192,38.39633333333333,45.588625,6.951999999999998
2025-08-05 08:00:00,50.0,778.85,17.76,16.28,30.1,62.0,32.8,1004.0,49.373000000000005,8,1,8,0.8660254037844387,-0.4999999999999998,44.596,32.949,45.982,43.87099999999999,45.39116666666666,4.777000000000008
2025-08-05 09:00:00,56.0,736.3,15.355,18.13,31.2,55.0,33.5,1003.0,49.804,9,1,8,0.7071067811865476,-0.7071067811865475,49.373000000000005,37.644,33.6625,47.92433333333333,44.93641666666667,0.4309999999999974
2025-08-05 10:00:00,65.0,612.35,10.915,19.795,31.2,55.0,33.1,1003.0,48.1935,10,1,8,0.49999999999999994,-0.8660254037844387,49.804,44.596,32.242,49.1235,44.34745833333333,-1.6105000000000018
2025-08-05 11:00:00,62.0,495.8,10.36,20.905,31.1,52.0,31.3,1003.0,45.1845,11,1,8,0.258819045102521,-0.9659258262890682,48.1935,49.373000000000005,32.949,47.72733333333333,43.560833333333335,-3.0090000000000003
2025-08-05 12:00:00,64.0,475.45,8.88,20.72,30.0,59.0,31.7,1003.0,44.397,12,1,8,1.2246467991473532e-16,-1.0,45.1845,49.804,37.644,45.92499999999999,42.851625000000006,-0.7875000000000014
2025-08-05 13:00:00,66.0,490.25,8.14,19.98,29.1,62.0,32.0,1003.0,44.479000000000006,13,1,8,-0.2588190451025208,-0.9659258262890683,44.397,48.1935,44.596,44.68683333333333,42.37554166666667,0.08200000000000784
2025-08-05 14:00:00,66.0,521.7,8.14,19.425,29.1,62.0,31.0,1003.0,44.8305,14,1,8,-0.4999999999999997,-0.8660254037844388,44.479000000000006,45.1845,49.373000000000005,44.56883333333332,42.27958333333333,0.3514999999999944
2025-08-05 15:00:00,65.0,567.95,8.695,19.24,29.2,66.0,29.2,1003.0,45.696,15,1,8,-0.7071067811865471,-0.7071067811865479,44.8305,44.397,49.804,45.00183333333333,43.282375,0.8654999999999973
2025-08-05 16:00:00,63.0,627.15,10.175,19.24,28.3,70.0,28.4,1003.0,47.168,16,1,8,-0.8660254037844384,-0.5000000000000004,45.696,44.479000000000006,48.1935,45.89816666666666,44.52620833333333,1.4720000000000013
2025-08-05 17:00:00,59.0,678.95,13.69,19.425,28.0,74.0,28.4,1004.0,49.2055,17,1,8,-0.9659258262890683,-0.25881904510252063,47.168,44.8305,45.1845,47.35649999999999,45.88091666666667,2.0375000000000014
2025-08-05 18:00:00,52.0,719.65,21.83,19.795,28.2,74.0,29.5,1004.0,52.9885,18,1,8,-1.0,-1.8369701987210297e-16,49.2055,45.696,44.397,49.78733333333332,47.159625,3.7830000000000013
2025-08-05 19:00:00,38.0,762.2,38.48,20.35,28.3,74.0,28.1,1004.0,59.907,19,1,8,-0.9659258262890684,0.2588190451025203,52.9885,47.168,44.479000000000006,54.03366666666667,48.435541666666666,6.9184999999999945
2025-08-05 20:00:00,38.0,762.2,38.48,20.35,28.2,74.0,28.1,1004.0,59.907,20,1,8,-0.8660254037844386,0.5000000000000001,59.907,49.2055,44.8305,57.60083333333333,49.31337500000001,0.0
2025-08-05 21:00:00,37.0,749.25,38.48,19.98,28.4,74.0,29.2,1003.0,59.163,21,1,8,-0.7071067811865477,0.7071067811865474,59.907,52.9885,45.696,59.65899999999999,50.09329166666666,-0.7439999999999998
2025-08-05 22:00:00,39.0,715.95,34.965,19.055,28.1,70.0,29.2,1003.0,56.52550000000001,22,1,8,-0.5000000000000004,0.8660254037844384,59.163,59.907,47.168,58.53183333333333,50.787625,-2.6374999999999886
2025-08-05 23:00:00,41.0,660.45,30.34,17.945,28.4,74.0,28.8,1003.0,52.685500000000005,23,1,8,-0.25881904510252157,0.9659258262890681,56.52550000000001,59.907,49.2055,56.12466666666666,51.412708333333335,-3.8400000000000034
2025-08-06 00:00:00,44.0,560.55,24.975,16.28,27.3,78.0,25.2,1003.0,47.536,0,2,8,0.0,1.0,52.685500000000005,59.163,52.9885,52.249,51.67429166666667,-5.149500000000003
2025-08-06 02:00:00,50.0,301.55,11.285,11.84,28.1,74.0,28.1,1004.0,33.722,2,2,8,0.49999999999999994,0.8660254037844387,47.536,56.52550000000001,59.907,44.64783333333333,50.777875,-13.814
2025-08-06 04:00:00,50.0,286.75,10.175,11.47,28.3,79.0,29.2,1004.0,32.575,4,2,8,0.8660254037844386,0.5000000000000001,33.722,52.685500000000005,59.907,37.94433333333333,49.75658333333334,-1.1469999999999985
2025-08-06 05:00:00,49.0,329.3,10.73,12.025,29.2,66.0,29.9,1005.0,33.7365,5,2,8,0.9659258262890683,0.25881904510252074,32.575,47.536,59.163,33.3445,48.75995833333334,1.1614999999999966
2025-08-06 06:00:00,47.0,484.7,14.985,13.875,30.3,66.0,30.6,1005.0,39.7225,6,2,8,1.0,6.123233995736766e-17,33.7365,33.722,56.52550000000001,35.34466666666666,48.1395,5.985999999999997
2025-08-06 07:00:00,45.0,695.6,21.09,16.65,30.3,62.0,29.2,1005.0,48.391000000000005,7,2,8,0.9659258262890683,-0.25881904510252063,39.7225,32.575,52.685500000000005,40.61666666666666,48.071625000000004,8.668500000000009
2025-08-06 08:00:00,45.0,819.55,24.05,18.87,31.4,59.0,28.8,1005.0,53.756,8,2,8,0.8660254037844387,-0.4999999999999998,48.391000000000005,33.7365,47.536,47.28983333333333,48.13558333333334,5.364999999999995
2025-08-06 09:00:00,51.0,769.6,20.72,20.35,31.4,55.0,28.8,1004.0,53.29899999999999,9,2,8,0.7071067811865476,-0.7071067811865475,53.756,39.7225,33.722,51.81533333333332,47.584916666666665,-0.45700000000000784
2025-08-06 10:00:00,60.0,630.85,14.06,21.46,33.1,47.0,28.8,1004.0,49.783,10,2,8,0.49999999999999994,-0.8660254037844387,53.29899999999999,48.391000000000005,32.575,52.27933333333332,46.74125,-3.515999999999991
2025-08-06 11:00:00,69.0,588.3,8.325,21.46,32.3,49.0,30.2,1004.0,48.191,11,2,8,0.258819045102521,-0.9659258262890682,49.783,53.756,33.7365,50.42433333333332,45.82691666666667,-1.5919999999999987
2025-08-06 12:00:00,73.0,551.3,6.66,21.09,31.2,55.0,30.2,1003.0,47.467,12,2,8,1.2246467991473532e-16,-1.0,48.191,53.29899999999999,39.7225,48.48033333333333,45.07204166666667,-0.7240000000000038
2025-08-06 13:00:00,75.0,536.5,6.105,20.165,30.3,59.0,30.2,1003.0,46.9755,13,2,8,-0.2588190451025208,-0.9659258262890683,47.467,49.783,48.391000000000005,47.54449999999999,44.59620833333333,-0.49150000000000205
2025-08-06 14:00:00,75.0,547.6,6.66,19.61,30.1,59.0,28.8,1003.0,47.253,14,2,8,-0.4999999999999997,-0.8660254037844388,46.9755,48.191,53.756,47.23183333333333,44.572624999999995,0.2775000000000034
2025-08-06 15:00:00,73.0,597.55,7.585,19.98,29.0,66.0,26.6,1004.0,48.392,15,2,8,-0.7071067811865471,-0.7071067811865479,47.253,47.467,53.29899999999999,47.540166666666664,45.795125000000006,1.139000000000003
2025-08-06 16:00:00,68.0,671.55,9.62,20.72,29.1,66.0,24.8,1004.0,49.963,16,2,8,-0.8660254037844384,-0.5000000000000004,48.392,46.9755,49.783,48.536,47.244125,1.570999999999998
2025-08-06 17:00:00,62.0,738.15,14.06,21.645,29.2,66.0,24.1,1005.0,52.62149999999999,17,2,8,-0.9659258262890683,-0.25881904510252063,49.963,47.253,48.191,50.3255,48.817874999999994,2.6584999999999894
2025-08-06 18:00:00,53.0,788.1,23.68,22.94,28.2,70.0,25.6,1005.0,57.34,18,2,8,-1.0,-1.8369701987210297e-16,52.62149999999999,48.392,47.467,53.308166666666665,50.286,4.718500000000013
2025-08-06 19:00:00,34.0,847.3,43.66,24.79,28.2,74.0,27.7,1005.0,65.737,19,2,8,-0.9659258262890684,0.2588190451025203,57.34,49.963,46.9755,58.56616666666665,51.73149999999999,8.396999999999991
2025-08-06 20:00:00,34.0,847.3,43.66,24.79,28.4,70.0,27.7,1004.0,65.737,20,2,8,-0.8660254037844386,0.5000000000000001,65.737,52.62149999999999,47.253,62.93799999999999,52.72991666666667,0.0
2025-08-06 21:00:00,32.0,843.6,44.585,24.05,28.3,70.0,27.4,1004.0,65.248,21,2,8,-0.7071067811865477,0.7071067811865474,65.737,57.34,48.392,65.574,53.72566666666666,-0.4889999999999901
2025-08-06 22:00:00,34.0,817.7,41.625,22.57,28.3,74.0,26.3,1003.0,62.81399999999999,22,2,8,-0.5000000000000004,0.8660254037844384,65.248,65.737,49.963,64.59966666666666,54.811583333333324,-2.4340000000000117
2025-08-06 23:00:00,36.0,762.2,37.37,20.72,28.1,74.0,25.9,1003.0,58.82599999999999,23,2,8,-0.25881904510252157,0.9659258262890681,62.81399999999999,65.737,52.62149999999999,62.29599999999999,55.697833333333335,-3.9879999999999995
2025-08-07 00:00:00,38.0,654.9,32.005,18.685,28.1,74.0,25.2,1003.0,53.0435,0,3,8,0.0,1.0,58.82599999999999,65.248,57.34,58.22783333333333,56.16254166666666,-5.782499999999992
2025-08-07 02:00:00,44.0,416.25,19.795,14.8,28.3,74.0,27.0,1005.0,40.802,2,3,8,0.49999999999999994,0.8660254037844387,53.0435,62.81399999999999,65.737,50.890499999999996,55.648083333333325,-12.241500000000002
2025-08-07 04:00:00,46.0,340.4,14.245,13.69,29.3,70.0,28.1,1005.0,36.0,4,3,8,0.8660254037844386,0.5000000000000001,40.802,58.82599999999999,65.737,43.28183333333333,54.71033333333333,-4.802
2025-08-07 05:00:00,47.0,384.8,13.875,14.43,31.1,59.0,27.0,1006.0,37.336,5,3,8,0.9659258262890683,0.25881904510252074,36.0,53.0435,65.248,38.046,53.788999999999994,1.3359999999999985
2025-08-07 06:00:00,47.0,560.55,16.465,16.465,32.0,56.0,27.0,1005.0,43.4225,6,3,8,1.0,6.123233995736766e-17,37.336,40.802,62.81399999999999,38.91949999999999,53.24395833333333,6.086500000000001
2025-08-07 07:00:00,46.0,802.9,20.72,19.61,32.2,49.0,27.7,1005.0,52.095,7,3,8,0.9659258262890683,-0.25881904510252063,43.4225,36.0,58.82599999999999,44.2845,53.20008333333334,8.6725
2025-08-07 08:00:00,48.0,939.8,22.57,22.015,32.3,49.0,27.7,1005.0,57.7455,8,3,8,0.8660254037844387,-0.4999999999999998,52.095,37.336,53.0435,51.08766666666666,53.233875000000005,5.650500000000001
2025-08-07 09:00:00,56.0,867.65,19.24,23.495,33.1,47.0,28.1,1004.0,57.444500000000005,9,3,8,0.7071067811865476,-0.7071067811865475,57.7455,43.4225,40.802,55.76166666666666,52.542833333333334,-0.3009999999999948
2025-08-07 10:00:00,66.0,691.9,13.505,24.42,33.4,49.0,28.4,1004.0,53.951,10,3,8,0.49999999999999994,-0.8660254037844387,57.444500000000005,52.095,36.0,56.38033333333333,51.56066666666667,-3.4935000000000045
2025-08-07 11:00:00,73.0,603.1,8.88,24.05,33.4,47.0,29.5,1004.0,51.315,11,3,8,0.258819045102521,-0.9659258262890682,53.951,57.7455,37.336,54.23683333333333,50.39958333333333,-2.636000000000003
2025-08-07 12:00:00,77.0,577.2,7.215,23.31,32.1,49.0,29.9,1003.0,50.628,12,3,8,1.2246467991473532e-16,-1.0,51.315,57.444500000000005,43.4225,51.964666666666666,49.384083333333336,-0.6869999999999976
2025-08-07 13:00:00,78.0,592.0,6.66,22.015,30.1,59.0,29.5,1003.0,50.2435,13,3,8,-0.2588190451025208,-0.9659258262890683,50.628,53.951,52.095,50.72883333333332,48.66887500000001,-0.38450000000000273
2025-08-07 14:00:00,77.0,619.75,7.03,21.09,30.1,59.0,28.8,1003.0,50.258,14,3,8,-0.4999999999999997,-0.8660254037844388,50.2435,51.315,57.7455,50.37649999999999,48.436749999999996,0.014500000000005286
2025-08-07 15:00:00,74.0,653.05,7.77,21.275,29.1,62.0,28.1,1003.0,50.560500000000005,15,3,8,-0.7071067811865471,-0.7071067811865479,50.258,50.628,57.444500000000005,50.35399999999999,49.24995833333333,0.302500000000002
2025-08-07 16:00:00,69.0,699.3,9.435,21.83,29.3,66.0,27.0,1004.0,51.26199999999999,16,3,8,-0.8660254037844384,-0.5000000000000004,50.560500000000005,50.2435,53.951,50.69349999999999,50.521791666666665,0.7014999999999887
2025-08-07 17:00:00,63.0,736.3,12.765,22.385,28.3,70.0,26.3,1005.0,52.4775,17,3,8,-0.9659258262890683,-0.25881904510252063,51.26199999999999,50.258,51.315,51.43333333333333,51.78358333333333,1.2155000000000058
2025-08-07 18:00:00,55.0,762.2,19.61,22.755,28.3,74.0,27.4,1005.0,54.8875,18,3,8,-1.0,-1.8369701987210297e-16,52.4775,50.560500000000005,50.628,52.87566666666666,52.739,2.4100000000000037
2025-08-07 19:00:00,38.0,782.55,34.595,23.125,28.0,74.0,29.2,1005.0,59.3705,19,3,8,-0.9659258262890684,0.2588190451025203,54.8875,51.26199999999999,50.2435,55.5785,53.34529166666666,4.482999999999997
2025-08-07 20:00:00,38.0,782.55,34.595,23.125,28.4,74.0,29.2,1005.0,59.3705,20,3,8,-0.8660254037844386,0.5000000000000001,59.3705,52.4775,50.258,57.87616666666667,53.480708333333325,0.0
2025-08-07 21:00:00,36.0,769.6,36.445,22.57,28.2,70.0,29.5,1004.0,59.344,21,3,8,-0.7071067811865477,0.7071067811865474,59.3705,54.8875,50.560500000000005,59.36166666666666,53.639,-0.026499999999998636
2025-08-07 22:00:00,36.0,740.0,35.89,21.46,28.1,74.0,29.9,1003.0,57.864,22,3,8,-0.5000000000000004,0.8660254037844384,59.344,59.3705,51.26199999999999,58.8595,53.96508333333333,-1.480000000000004
2025-08-07 23:00:00,37.0,686.35,33.485,20.165,28.1,74.0,29.2,1003.0,55.0005,23,3,8,-0.25881904510252157,0.9659258262890681,57.864,59.3705,52.4775,57.40283333333333,54.27220833333334,-2.863499999999995
2025-08-08 00:00:00,39.0,590.15,28.675,18.13,26.8,78.0,28.4,1003.0,49.773,0,4,8,0.0,1.0,55.0005,59.344,54.8875,54.2125,54.20095833333334,-5.227499999999999
2025-08-08 02:00:00,46.0,381.1,16.65,13.875,28.0,70.0,28.8,1004.0,38.3495,2,4,8,0.49999999999999994,0.8660254037844387,49.773,57.864,59.3705,47.70766666666666,53.20979166666666,-11.423500000000004
2025-08-08 04:00:00,48.0,301.55,11.84,12.21,29.2,66.0,28.8,1004.0,33.64,4,4,8,0.8660254037844386,0.5000000000000001,38.3495,55.0005,59.3705,40.5875,51.824958333333335,-4.7094999999999985
2025-08-08 05:00:00,49.0,338.55,11.655,12.58,31.1,59.0,30.2,1005.0,34.754,5,4,8,0.9659258262890683,0.25881904510252074,33.64,49.773,59.344,35.58116666666666,50.507749999999994,1.1139999999999972
2025-08-08 06:00:00,49.0,495.8,14.245,14.06,32.2,52.0,30.6,1005.0,40.193,6,4,8,1.0,6.123233995736766e-17,34.754,38.3495,57.864,36.19566666666666,49.58533333333333,5.439
2025-08-08 07:00:00,48.0,714.1,18.5,16.465,33.2,49.0,31.0,1005.0,48.0145,7,4,8,0.9659258262890683,-0.25881904510252063,40.193,33.64,55.0005,40.98716666666666,49.21341666666666,7.8215
2025-08-08 08:00:00,49.0,843.6,20.35,18.5,33.2,49.0,31.3,1005.0,53.032,8,4,8,0.8660254037844387,-0.4999999999999998,48.0145,34.754,49.773,47.07983333333332,49.05879166666667,5.017499999999998
2025-08-08 09:00:00,54.0,791.8,17.76,20.165,34.3,41.0,32.8,1005.0,52.7745,9,4,8,0.7071067811865476,-0.7071067811865475,53.032,40.193,38.3495,51.27366666666666,48.509125000000004,-0.2574999999999932
2025-08-08 10:00:00,62.0,651.2,13.135,21.83,33.4,44.0,32.0,1004.0,50.42,10,4,8,0.49999999999999994,-0.8660254037844387,52.7745,48.0145,33.64,52.0755,47.763250000000006,-2.3545000000000016
2025-08-08 11:00:00,71.0,558.7,8.325,21.83,33.1,47.0,30.6,1004.0,48.384,11,4,8,0.258819045102521,-0.9659258262890682,50.42,53.032,34.754,50.52616666666666,46.849916666666665,-2.0360000000000014
2025-08-08 12:00:00,75.0,534.65,6.66,21.46,32.2,49.0,30.2,1004.0,47.919,12,4,8,1.2246467991473532e-16,-1.0,48.384,52.7745,40.193,48.907666666666664,46.021166666666666,-0.4650000000000034
2025-08-08 13:00:00,77.0,543.9,5.92,20.535,32.1,49.0,30.6,1004.0,47.7975,13,4,8,-0.2588190451025208,-0.9659258262890683,47.919,50.42,48.0145,48.0335,45.42091666666666,-0.1214999999999975
2025-08-08 14:00:00,76.0,569.8,6.105,19.98,32.1,49.0,30.6,1004.0,47.849,14,4,8,-0.4999999999999997,-0.8660254037844388,47.7975,48.384,53.032,47.85516666666666,45.26058333333333,0.051499999999997215
2025-08-08 15:00:00,72.0,612.35,7.215,20.165,30.1,55.0,29.2,1005.0,48.2585,15,4,8,-0.7071067811865471,-0.7071067811865479,47.849,47.919,52.7745,47.96833333333333,46.08633333333333,0.4095000000000013
2025-08-08 16:00:00,66.0,669.7,9.25,20.535,29.2,58.0,28.4,1006.0,49.0115,16,4,8,-0.8660254037844384,-0.5000000000000004,48.2585,47.7975,50.42,48.37299999999999,47.36729166666667,0.7530000000000001
2025-08-08 17:00:00,59.0,710.4,12.765,20.905,29.3,58.0,27.7,1006.0,50.0195,17,4,8,-0.9659258262890683,-0.25881904510252063,49.0115,47.849,48.384,49.09649999999999,48.63941666666667,1.0080000000000027
2025-08-08 18:00:00,51.0,721.5,19.425,21.275,28.3,70.0,28.4,1007.0,52.0225,18,4,8,-1.0,-1.8369701987210297e-16,50.0195,48.2585,47.919,50.351166666666664,49.625208333333326,2.003
2025-08-08 19:00:00,37.0,710.4,32.93,21.275,28.2,70.0,31.0,1007.0,55.703500000000005,19,4,8,-0.9659258262890684,0.2588190451025203,52.0225,49.0115,47.7975,52.58183333333333,50.26595833333334,3.6810000000000045
2025-08-08 20:00:00,37.0,710.4,32.93,21.275,28.1,66.0,31.0,1006.0,55.703500000000005,20,4,8,-0.8660254037844386,0.5000000000000001,55.703500000000005,50.0195,47.849,54.476499999999994,50.48858333333333,0.0
2025-08-08 21:00:00,35.0,715.95,33.67,20.72,28.3,70.0,31.0,1006.0,55.381,21,4,8,-0.7071067811865477,0.7071067811865474,55.703500000000005,52.0225,48.2585,55.596,50.70579166666666,-0.3225000000000051
2025-08-08 22:00:00,36.0,715.95,31.635,19.795,28.2,70.0,29.2,1005.0,53.9975,22,4,8,-0.5000000000000004,0.8660254037844384,55.381,55.703500000000005,49.0115,55.02733333333333,51.00391666666667,-1.383499999999998
2025-08-08 23:00:00,38.0,682.65,28.49,18.5,28.2,70.0,29.9,1005.0,51.397,23,4,8,-0.25881904510252157,0.9659258262890681,53.9975,55.703500000000005,50.0195,53.59183333333332,51.254999999999995,-2.600500000000004
2025-08-09 00:00:00,40.0,579.05,24.235,16.65,26.8,78.0,29.5,1005.0,46.447,0,5,8,0.0,1.0,51.397,55.381,52.0225,50.61383333333333,51.13233333333333,-4.949999999999996
2025-08-09 02:00:00,45.0,334.85,14.615,12.95,28.1,70.0,28.4,1006.0,35.441,2,5,8,0.49999999999999994,0.8660254037844387,46.447,53.9975,55.703500000000005,44.42833333333332,50.102624999999996,-11.006
2025-08-09 03:00:00,46.0,283.05,12.025,12.21,29.1,66.0,28.1,1007.0,32.781000000000006,3,5,8,0.7071067811865476,0.7071067811865476,35.441,51.397,55.703500000000005,38.223,48.84695833333334,-2.6599999999999966
2025-08-09 04:00:00,47.0,264.55,10.36,12.21,29.1,66.0,28.8,1007.0,31.712,4,5,8,0.8660254037844386,0.5000000000000001,32.781000000000006,46.447,55.381,33.31133333333333,47.46808333333334,-1.0690000000000062
2025-08-09 05:00:00,47.0,305.25,10.36,12.765,30.1,59.0,29.5,1007.0,32.8035,5,5,8,0.9659258262890683,0.25881904510252074,31.712,35.441,53.9975,32.43216666666667,46.117416666666664,1.0915
2025-08-09 06:00:00,46.0,460.65,13.135,14.615,31.1,55.0,29.2,1007.0,38.2015,6,5,8,1.0,6.123233995736766e-17,32.8035,32.781000000000006,51.397,34.239,45.132583333333336,5.398000000000003
2025-08-09 07:00:00,45.0,671.55,17.575,17.02,31.2,55.0,29.2,1007.0,45.986,7,5,8,0.9659258262890683,-0.25881904510252063,38.2015,31.712,46.447,38.99699999999999,44.62954166666666,7.784499999999994
2025-08-09 08:00:00,46.0,795.5,19.61,19.24,32.4,52.0,31.0,1007.0,51.096,8,5,8,0.8660254037844387,-0.4999999999999998,45.986,32.8035,35.441,45.09449999999999,44.245583333333336,5.109999999999999
2025-08-09 09:00:00,52.0,738.15,17.02,20.905,32.3,52.0,31.0,1006.0,51.0275,9,5,8,0.7071067811865476,-0.7071067811865475,51.096,38.2015,32.781000000000006,49.369833333333325,43.85591666666667,-0.06849999999999312
2025-08-09 10:00:00,60.0,590.15,12.21,22.2,31.2,55.0,29.5,1006.0,48.229,10,5,8,0.49999999999999994,-0.8660254037844387,51.0275,45.986,31.712,50.1175,43.25991666666667,-2.798500000000004
2025-08-09 11:00:00,62.0,503.2,10.175,23.495,30.2,59.0,28.8,1006.0,46.5165,11,5,8,0.258819045102521,-0.9659258262890682,48.229,51.096,32.8035,48.59099999999999,42.6365,-1.7124999999999986
2025-08-09 12:00:00,66.0,486.55,8.14,22.57,30.2,59.0,27.7,1005.0,45.7,12,5,8,1.2246467991473532e-16,-1.0,46.5165,51.0275,38.2015,46.81516666666666,42.161750000000005,-0.8164999999999978
2025-08-09 13:00:00,70.0,514.3,6.475,20.72,30.3,59.0,26.6,1005.0,45.531,13,5,8,-0.2588190451025208,-0.9659258262890683,45.7,48.229,45.986,45.91583333333333,42.08541666666667,-0.16900000000000404
2025-08-09 14:00:00,70.0,553.15,6.29,19.61,30.2,62.0,26.6,1005.0,45.642,14,5,8,-0.4999999999999997,-0.8660254037844388,45.531,46.5165,51.096,45.62433333333333,42.9355,0.1110000000000042
2025-08-09 15:00:00,66.0,593.85,7.77,19.61,29.0,66.0,26.3,1005.0,46.144,15,5,8,-0.7071067811865471,-0.7071067811865479,45.642,45.7,51.0275,45.77233333333333,44.049083333333336,0.5019999999999953
2025-08-09 16:00:00,59.0,647.5,10.545,20.35,28.2,70.0,27.7,1006.0,47.152,16,5,8,-0.8660254037844384,-0.5000000000000004,46.144,45.531,48.229,46.312666666666665,45.33575,1.0080000000000027
2025-08-09 17:00:00,52.0,695.6,14.245,20.905,28.1,70.0,28.4,1006.0,48.5115,17,5,8,-0.9659258262890683,-0.25881904510252063,47.152,45.642,46.5165,47.269166666666656,46.644749999999995,1.359499999999997
2025-08-09 18:00:00,46.0,749.25,19.98,21.46,28.2,70.0,29.5,1006.0,51.503,18,5,8,-1.0,-1.8369701987210297e-16,48.5115,46.144,45.7,49.055499999999995,47.75320833333333,2.991500000000002
2025-08-09 19:00:00,37.0,812.15,31.265,22.015,28.0,74.0,29.2,1007.0,57.1095,19,5,8,-0.9659258262890684,0.2588190451025203,51.503,47.152,45.531,52.37466666666666,48.68016666666667,5.606499999999997
2025-08-09 20:00:00,37.0,812.15,31.265,22.015,28.2,74.0,29.2,1006.0,57.1095,20,5,8,-0.8660254037844386,0.5000000000000001,57.1095,48.5115,45.642,55.24066666666666,49.18129166666666,0.0
2025-08-09 21:00:00,36.0,764.05,31.635,21.09,28.4,74.0,26.6,1006.0,55.607,21,5,8,-0.7071067811865477,0.7071067811865474,57.1095,51.503,46.144,56.608666666666664,49.562916666666666,-1.5024999999999977
2025-08-09 22:00:00,37.0,678.95,29.415,19.425,28.1,74.0,25.6,1005.0,52.0405,22,5,8,-0.5000000000000004,0.8660254037844384,55.607,57.1095,47.152,54.919000000000004,49.880541666666666,-3.566499999999998
2025-08-09 23:00:00,38.0,592.0,26.455,17.945,28.0,74.0,25.2,1005.0,48.0855,23,5,8,-0.25881904510252157,0.9659258262890681,52.0405,57.1095,48.5115,51.911,50.011291666666665,-3.9549999999999983
2025-08-10 00:00:00,40.0,508.75,22.57,16.65,27.1,78.0,25.9,1005.0,44.042,0,6,8,0.0,1.0,48.0855,55.607,51.503,48.056000000000004,49.87312500000001,-4.043500000000002
2025-08-10 02:00:00,45.0,357.05,14.43,14.43,28.3,79.0,28.4,1006.0,36.514,2,6,8,0.49999999999999994,0.8660254037844387,44.042,52.0405,57.1095,42.880500000000005,49.12170833333332,-7.527999999999999
2025-08-10 04:00:00,45.0,271.95,11.285,12.765,28.4,79.0,29.5,1006.0,32.0925,4,6,8,0.8660254037844386,0.5000000000000001,36.514,48.0855,57.1095,37.5495,47.992583333333336,-4.421500000000002
2025-08-10 05:00:00,45.0,303.4,11.285,12.95,29.0,70.0,27.7,1006.0,32.814,5,6,8,0.9659258262890683,0.25881904510252074,32.0925,44.042,55.607,33.80683333333332,46.881750000000004,0.7214999999999989
2025-08-10 06:00:00,44.0,468.05,13.69,14.985,30.4,62.0,27.0,1006.0,38.2675,6,6,8,1.0,6.123233995736766e-17,32.814,36.514,52.0405,34.39133333333333,46.141375000000004,5.453499999999998
2025-08-10 07:00:00,43.0,695.6,17.39,17.945,32.3,52.0,26.3,1006.0,46.218500000000006,7,6,8,0.9659258262890683,-0.25881904510252063,38.2675,32.0925,48.0855,39.099999999999994,45.950291666666665,7.951000000000008
2025-08-10 08:00:00,45.0,832.5,18.87,20.35,32.1,52.0,26.6,1005.0,51.647000000000006,8,6,8,0.8660254037844387,-0.4999999999999998,46.218500000000006,32.814,44.042,45.37766666666667,45.962291666666665,5.4285
