timestamp,o3,co,no2,so2,temp_c,humidity,wind_kph,pressure_mb,aqi
2025-07-26 16:00:00,82.0,684.5,9.435,23.495,29.1,70.0,28.1,998.0,55.698499999999996
2025-07-26 17:00:00,72.0,727.05,12.58,22.57,29.4,70.0,27.0,998.0,54.97399999999999
2025-07-26 18:00:00,64.0,736.3,18.13,22.57,29.3,70.0,27.0,999.0,56.089
2025-07-26 19:00:00,50.0,717.8,29.785,22.94,29.2,70.0,27.0,999.0,58.696999999999996
2025-07-26 20:00:00,50.0,717.8,29.785,22.94,29.4,70.0,27.0,999.0,58.696999999999996
2025-07-26 21:00:00,47.0,721.5,31.635,22.385,29.0,70.0,24.8,998.0,58.703500000000005
2025-07-26 22:00:00,47.0,725.2,31.635,21.275,29.1,70.0,26.6,998.0,58.2225
2025-07-26 23:00:00,47.0,704.85,30.34,20.165,29.0,75.0,24.8,997.0,56.48350000000001
2025-07-27 00:00:00,52.0,556.85,22.015,17.02,27.6,78.0,24.8,998.0,48.455999999999996
2025-07-27 03:00:00,55.0,414.4,15.725,15.17,29.1,79.0,27.7,998.0,41.808
2025-07-27 04:00:00,55.0,357.05,14.06,14.8,31.1,66.0,26.3,998.0,39.477
2025-07-27 05:00:00,55.0,366.3,13.69,15.54,31.1,66.0,25.9,998.0,39.81
2025-07-27 06:00:00,55.0,508.75,15.725,17.945,32.2,63.0,25.9,998.0,45.082499999999996
2025-07-27 07:00:00,56.0,715.95,18.685,21.46,34.2,53.0,27.0,998.0,53.06
2025-07-27 08:00:00,60.0,838.05,19.98,24.79,34.4,53.0,25.6,998.0,59.14399999999999
2025-07-27 09:00:00,71.0,788.1,17.205,27.75,33.1,56.0,27.7,997.0,61.260000000000005
2025-07-27 10:00:00,85.0,654.9,12.58,30.71,33.2,56.0,26.6,997.0,61.501000000000005
2025-07-27 11:00:00,70.0,606.8,15.17,28.49,32.1,59.0,26.6,997.0,56.483
2025-07-27 12:00:00,74.0,579.05,12.765,27.75,31.3,63.0,26.3,997.0,55.315
2025-07-27 13:00:00,78.0,573.5,10.36,26.27,31.4,66.0,25.9,997.0,54.221
2025-07-27 14:00:00,79.0,586.45,9.62,24.79,30.3,66.0,25.6,997.0,53.596000000000004
2025-07-27 15:00:00,75.0,629.0,11.1,23.865,30.0,66.0,25.2,998.0,53.67249999999999
2025-07-27 16:00:00,68.0,690.05,13.875,23.31,30.3,66.0,25.2,998.0,54.181
2025-07-27 17:00:00,62.0,730.75,17.76,23.125,29.3,70.0,26.3,999.0,55.433499999999995
2025-07-27 18:00:00,57.0,734.45,22.94,23.865,29.1,70.0,28.1,999.0,57.485499999999995
2025-07-27 19:00:00,48.0,693.75,34.225,25.9,29.3,70.0,27.7,999.0,61.75999999999999
2025-07-27 20:00:00,48.0,693.75,34.225,25.9,29.1,70.0,27.7,999.0,61.75999999999999
2025-07-27 21:00:00,44.0,671.55,37.74,26.085,29.2,70.0,26.6,999.0,62.31750000000001
2025-07-27 22:00:00,41.0,643.8,40.145,25.715,29.0,70.0,26.6,998.0,62.1205
2025-07-27 23:00:00,40.0,601.25,40.145,24.975,28.4,74.0,26.6,998.0,60.599500000000006
2025-07-28 00:00:00,42.0,534.65,36.26,23.495,27.6,79.0,27.0,998.0,56.7965
2025-07-28 02:00:00,50.0,338.55,19.61,18.315,29.0,75.0,30.6,999.0,42.6945
2025-07-28 04:00:00,52.0,305.25,15.725,17.02,29.2,75.0,31.3,999.0,39.65
2025-07-28 05:00:00,53.0,327.45,13.32,16.465,30.4,70.0,29.2,1000.0,38.6735
2025-07-28 06:00:00,53.0,468.05,14.06,16.835,31.3,66.0,30.6,999.0,42.11450000000001
2025-07-28 07:00:00,53.0,666.0,16.465,17.76,32.1,59.0,33.8,998.0,47.979
2025-07-28 08:00:00,54.0,784.4,17.575,18.685,32.2,59.0,33.5,998.0,51.7755
2025-07-28 09:00:00,59.0,741.85,15.355,19.795,31.1,66.0,33.5,998.0,51.6475
2025-07-28 10:00:00,67.0,621.6,11.84,20.905,31.1,66.0,35.3,997.0,50.088499999999996
2025-07-28 11:00:00,74.0,555.0,8.695,21.645,30.3,70.0,34.6,997.0,49.339499999999994
2025-07-28 12:00:00,75.0,540.2,7.4,21.09,30.1,70.0,33.1,997.0,48.289
2025-07-28 13:00:00,74.0,549.45,7.215,19.98,30.1,70.0,32.4,997.0,47.508
2025-07-28 14:00:00,72.0,571.65,7.955,19.055,30.0,70.0,32.4,997.0,47.3335
2025-07-28 15:00:00,68.0,612.35,9.805,18.5,29.2,79.0,31.7,998.0,47.78
2025-07-28 16:00:00,63.0,666.0,12.395,17.945,29.1,75.0,31.0,999.0,48.62949999999999
2025-07-28 17:00:00,58.0,703.0,15.54,17.575,29.2,79.0,29.5,999.0,49.5715
2025-07-28 18:00:00,54.0,712.25,19.61,17.39,29.2,79.0,29.9,1000.0,50.906
2025-07-28 19:00:00,47.0,688.2,26.64,17.575,29.2,79.0,32.0,1000.0,52.6355
2025-07-28 20:00:00,47.0,688.2,26.64,17.575,29.1,79.0,32.0,999.0,52.6355
2025-07-28 21:00:00,47.0,664.15,26.27,17.575,29.2,79.0,33.5,999.0,51.9325
2025-07-28 22:00:00,48.0,629.0,24.235,17.76,29.3,79.0,34.9,999.0,50.401
2025-07-28 23:00:00,50.0,577.2,21.645,17.39,29.3,79.0,33.1,999.0,48.226
2025-07-29 00:00:00,51.0,492.1,18.5,16.28,27.7,79.0,34.2,997.0,44.382
2025-07-29 03:00:00,55.0,271.95,9.62,12.765,29.4,75.0,34.9,999.0,34.0935
2025-07-29 04:00:00,55.0,257.15,8.325,12.21,30.3,70.0,36.7,999.0,32.742999999999995
2025-07-29 05:00:00,55.0,294.15,8.325,12.025,30.1,70.0,36.7,999.0,33.3905
2025-07-29 06:00:00,53.0,434.75,11.47,12.765,30.4,70.0,37.1,999.0,37.8595
2025-07-29 07:00:00,51.0,627.15,16.095,14.245,31.3,66.0,39.2,999.0,44.622499999999995
2025-07-29 08:00:00,52.0,740.0,18.315,15.54,30.3,66.0,39.2,999.0,49.159000000000006
2025-07-29 09:00:00,58.0,695.6,15.91,16.835,30.3,66.0,38.5,999.0,49.275499999999994
2025-07-29 10:00:00,66.0,573.5,10.915,18.13,30.1,70.0,37.4,998.0,46.884
2025-07-29 11:00:00,73.0,482.85,7.03,18.315,30.1,62.0,36.4,997.0,44.9325
2025-07-29 12:00:00,75.0,466.2,5.92,17.945,31.2,59.0,36.7,997.0,44.3485
2025-07-29 13:00:00,76.0,475.45,5.18,17.02,30.1,66.0,36.4,997.0,43.927
2025-07-29 14:00:00,75.0,497.65,5.365,16.465,30.3,66.0,34.2,997.0,43.9045
2025-07-29 15:00:00,72.0,538.35,6.105,16.465,30.4,66.0,32.8,997.0,44.2625
2025-07-29 16:00:00,68.0,593.85,7.585,16.465,29.0,75.0,31.3,998.0,45.060500000000005
2025-07-29 17:00:00,63.0,634.55,10.36,16.65,29.4,70.0,31.0,999.0,46.13199999999999
2025-07-29 18:00:00,57.0,651.2,15.91,16.65,29.1,75.0,31.7,999.0,47.995000000000005
2025-07-29 19:00:00,47.0,647.5,27.38,16.65,29.4,75.0,31.0,999.0,51.803
2025-07-29 20:00:00,47.0,647.5,27.38,16.65,28.2,79.0,31.0,998.0,51.803
2025-07-29 21:00:00,46.0,638.25,27.935,17.02,28.2,74.0,31.7,998.0,51.836
2025-07-29 22:00:00,47.0,619.75,26.27,17.76,28.1,74.0,32.4,997.0,51.137
2025-07-29 23:00:00,49.0,582.75,23.68,17.76,28.3,74.0,30.2,997.0,49.443000000000005
2025-07-30 00:00:00,51.0,506.9,20.35,16.835,27.6,81.0,30.2,996.0,46.0655
2025-07-30 02:00:00,54.0,336.7,12.95,14.43,29.0,70.0,34.2,997.0,37.919
2025-07-30 03:00:00,55.0,290.45,11.1,13.69,29.3,70.0,34.9,998.0,35.814
2025-07-30 04:00:00,55.0,268.25,10.175,13.135,29.2,75.0,33.8,998.0,34.5375
2025-07-30 05:00:00,55.0,301.55,10.175,13.135,30.3,70.0,34.6,998.0,35.203500000000005
2025-07-30 06:00:00,54.0,447.7,11.84,13.875,30.3,70.0,34.9,998.0,39.195499999999996
2025-07-30 07:00:00,54.0,649.35,14.43,15.17,30.1,70.0,33.8,998.0,45.43
2025-07-30 08:00:00,56.0,769.6,15.54,16.65,31.2,66.0,32.8,997.0,49.84100000000001
2025-07-30 09:00:00,63.0,725.2,13.505,18.315,32.1,59.0,30.6,997.0,50.6645
2025-07-30 10:00:00,72.0,599.4,9.99,20.165,33.3,56.0,30.2,997.0,49.66449999999999
2025-07-30 11:00:00,80.0,505.05,7.215,21.645,31.3,63.0,30.6,996.0,49.2525
2025-07-30 12:00:00,85.0,482.85,6.105,22.2,31.1,66.0,30.6,996.0,49.92
2025-07-30 13:00:00,88.0,493.95,5.735,22.385,30.4,70.0,30.2,997.0,50.9125
2025-07-30 14:00:00,89.0,521.7,6.29,22.57,30.3,70.0,28.1,997.0,52.193
2025-07-30 15:00:00,86.0,577.2,7.4,22.94,29.1,75.0,25.6,997.0,53.254000000000005
2025-07-30 16:00:00,79.0,653.05,9.435,23.125,29.3,75.0,25.2,998.0,53.9845
2025-07-30 17:00:00,69.0,743.7,12.58,21.645,29.3,75.0,21.6,998.0,53.9445
2025-07-30 18:00:00,60.0,765.9,21.09,21.83,29.4,75.0,23.0,999.0,56.887
2025-07-30 19:00:00,41.0,754.8,39.775,22.2,29.2,70.0,25.9,999.0,62.361
2025-07-30 20:00:00,41.0,754.8,39.775,22.2,29.2,70.0,25.9,999.0,62.361
2025-07-30 21:00:00,38.0,736.3,42.55,22.57,29.4,70.0,25.2,998.0,62.941
2025-07-30 22:00:00,38.0,706.7,42.18,23.125,29.2,70.0,24.8,998.0,62.4045
2025-07-30 23:00:00,39.0,667.85,40.33,22.94,29.1,70.0,23.0,997.0,60.724999999999994
2025-07-31 00:00:00,43.0,545.75,30.71,19.61,28.0,78.0,18.7,997.0,52.046
2025-07-31 02:00:00,45.0,425.5,23.31,18.13,29.3,75.0,21.2,999.0,45.06099999999999
2025-07-31 06:00:00,48.0,569.8,20.165,23.495,31.3,59.0,25.6,1000.0,49.6425
2025-07-31 07:00:00,51.0,821.4,20.535,27.75,30.1,59.0,24.5,1000.0,57.924
2025-07-31 08:00:00,56.0,969.4,20.165,31.265,30.0,62.0,24.1,1000.0,63.919500000000006
2025-07-31 09:00:00,63.0,908.35,18.13,33.115,32.4,56.0,22.7,999.0,64.5025
2025-07-31 10:00:00,71.0,743.7,15.17,34.04,32.1,56.0,23.8,999.0,62.29599999999999
2025-07-31 11:00:00,79.0,614.2,12.58,34.04,32.2,56.0,24.8,999.0,60.55199999999999
2025-07-31 12:00:00,87.0,573.5,10.175,32.56,31.2,59.0,23.4,998.0,59.955
2025-07-31 13:00:00,94.0,567.95,7.955,30.155,30.3,62.0,22.3,999.0,59.4095
2025-07-31 14:00:00,96.0,580.9,7.585,28.305,30.3,62.0,20.9,999.0,59.1215
2025-07-31 15:00:00,89.0,617.9,9.62,27.565,29.2,70.0,21.2,1000.0,58.6125
2025-07-31 16:00:00,76.0,673.4,13.135,27.38,29.3,70.0,20.2,1000.0,57.839
2025-07-31 17:00:00,64.0,719.65,17.575,27.565,29.2,75.0,19.4,1001.0,57.920500000000004
2025-07-31 18:00:00,55.0,751.1,23.495,28.305,29.1,75.0,20.2,1001.0,59.7715
2025-07-31 19:00:00,41.0,777.0,34.965,29.97,29.1,75.0,20.2,1001.0,63.804
2025-07-31 20:00:00,41.0,777.0,34.965,29.97,29.3,75.0,20.2,1001.0,63.804
2025-07-31 21:00:00,39.0,765.9,35.705,29.6,29.4,75.0,19.4,1000.0,63.241
2025-07-31 22:00:00,40.0,738.15,34.225,28.86,29.3,79.0,20.2,1000.0,61.728
2025-07-31 23:00:00,41.0,688.2,32.005,27.38,28.4,84.0,19.1,999.0,58.956999999999994
2025-08-01 00:00:00,42.0,597.55,29.415,24.975,28.0,80.0,17.3,999.0,54.6875
2025-08-01 03:00:00,40.0,405.15,24.79,15.355,29.3,75.0,18.4,1001.0,42.6545
2025-08-01 04:00:00,40.0,358.9,22.2,14.985,28.2,84.0,20.2,1002.0,39.9905
2025-08-01 05:00:00,41.0,386.65,20.72,15.355,29.2,75.0,21.6,1002.0,40.1425
2025-08-01 06:00:00,42.0,566.1,21.83,17.205,30.4,70.0,23.0,1002.0,45.6225
2025-08-01 07:00:00,43.0,819.55,24.05,19.98,32.2,56.0,25.6,1002.0,53.711
2025-08-01 08:00:00,47.0,963.85,24.42,22.57,32.2,56.0,26.3,1002.0,59.31400000000001
2025-08-01 09:00:00,55.0,889.85,20.72,24.79,33.3,49.0,27.0,1002.0,59.123999999999995
2025-08-01 10:00:00,65.0,708.55,14.985,26.825,33.0,49.0,27.7,1001.0,56.0745
2025-08-01 11:00:00,74.0,562.4,8.88,25.345,32.3,56.0,26.3,1001.0,51.448499999999996
2025-08-01 12:00:00,76.0,529.1,7.215,24.605,31.0,55.0,26.3,1001.0,50.0135
2025-08-01 13:00:00,76.0,538.35,6.845,22.94,30.1,62.0,27.4,1001.0,49.144
2025-08-01 14:00:00,74.0,562.4,7.215,21.645,30.1,62.0,26.3,1001.0,48.5995
2025-08-01 15:00:00,71.0,606.8,8.325,21.275,30.0,66.0,25.2,1001.0,49.0685
2025-08-01 16:00:00,74.0,562.4,8.88,25.345,29.1,70.0,26.3,1002.0,51.448499999999996
2025-08-01 17:00:00,60.0,710.4,14.06,21.46,29.1,70.0,23.8,1002.0,51.373999999999995
2025-08-01 18:00:00,52.0,723.35,21.645,22.385,28.4,74.0,23.8,1002.0,54.246500000000005
2025-08-01 19:00:00,38.0,712.25,37.555,24.05,29.3,75.0,26.3,1003.0,60.202999999999996
2025-08-01 20:00:00,38.0,712.25,37.555,24.05,29.1,70.0,26.3,1003.0,60.202999999999996
2025-08-01 21:00:00,36.0,708.55,38.85,23.495,29.4,70.0,25.6,1002.0,60.028499999999994
2025-08-01 22:00:00,37.0,699.3,37.185,22.385,29.2,70.0,23.8,1001.0,58.5895
2025-08-01 23:00:00,38.0,669.7,34.225,20.905,28.3,74.0,25.9,1001.0,55.7815
2025-08-02 00:00:00,40.0,601.25,30.155,18.87,27.8,77.0,23.8,1001.0,51.553000000000004
2025-08-02 02:00:00,44.0,438.45,20.35,14.8,28.3,79.0,25.9,1002.0,41.579
2025-08-02 03:00:00,46.0,381.1,16.465,13.69,28.2,74.0,28.8,1002.0,38.146
2025-08-02 04:00:00,48.0,344.1,13.32,12.95,29.3,70.0,31.0,1002.0,35.749
2025-08-02 05:00:00,49.0,370.0,12.025,13.135,29.3,75.0,29.5,1003.0,35.8825
2025-08-02 06:00:00,49.0,530.95,14.245,14.43,30.3,66.0,29.2,1003.0,41.081
2025-08-02 07:00:00,48.0,758.5,18.315,16.465,30.1,62.0,29.5,1002.0,48.7915
2025-08-02 08:00:00,49.0,889.85,20.535,18.5,31.3,59.0,29.5,1002.0,54.068
2025-08-02 09:00:00,53.0,826.95,18.685,20.35,32.1,49.0,31.3,1002.0,53.825
2025-08-02 10:00:00,59.0,667.85,14.8,22.2,31.1,59.0,31.7,1001.0,51.037
2025-08-02 11:00:00,59.0,638.25,16.65,26.64,32.0,52.0,32.4,1001.0,53.775
2025-08-02 12:00:00,61.0,590.15,14.245,26.085,31.3,59.0,32.8,1000.0,51.692499999999995
2025-08-02 13:00:00,63.0,562.4,12.395,24.42,30.3,59.0,31.7,1001.0,49.794999999999995
2025-08-02 14:00:00,63.0,564.25,11.47,23.125,30.3,62.0,30.6,1001.0,48.6295
2025-08-02 15:00:00,62.0,604.95,11.655,22.755,29.0,66.0,29.2,1001.0,49.0695
2025-08-02 16:00:00,61.0,671.55,13.135,22.755,29.2,66.0,27.4,1002.0,50.98949999999999
2025-08-02 17:00:00,57.0,732.6,17.02,22.57,29.2,66.0,24.5,1002.0,53.248999999999995
2025-08-02 18:00:00,50.0,784.4,26.085,22.385,29.0,70.0,24.8,1003.0,57.5315
2025-08-02 19:00:00,34.0,849.15,45.325,21.645,29.1,70.0,26.3,1003.0,65.2005
2025-08-02 20:00:00,34.0,849.15,45.325,21.645,29.2,70.0,26.3,1003.0,65.2005
2025-08-02 21:00:00,33.0,825.1,45.695,20.905,29.1,70.0,27.0,1002.0,64.2715
2025-08-02 22:00:00,34.0,773.3,41.995,19.98,28.1,74.0,29.2,1002.0,60.853
2025-08-02 23:00:00,36.0,699.3,37.37,18.87,28.3,74.0,28.4,1002.0,56.642999999999994
2025-08-03 00:00:00,39.0,590.15,32.19,17.39,27.6,77.0,27.7,1001.0,51.51199999999999
2025-08-03 03:00:00,47.0,310.8,17.205,13.69,28.2,79.0,26.6,1003.0,37.483999999999995
2025-08-03 04:00:00,47.0,292.3,14.615,13.32,29.2,75.0,25.6,1003.0,35.375
2025-08-03 05:00:00,48.0,333.0,13.69,13.69,30.1,66.0,25.6,1003.0,36.119
2025-08-03 06:00:00,48.0,490.25,16.095,15.355,30.0,70.0,27.4,1004.0,41.5395
2025-08-03 07:00:00,47.0,706.7,20.35,17.945,30.3,66.0,27.0,1003.0,49.4165
2025-08-03 08:00:00,49.0,834.35,22.57,20.35,31.1,63.0,27.0,1003.0,55.104
2025-08-03 09:00:00,54.0,786.25,20.35,22.57,31.2,63.0,27.0,1003.0,55.42
2025-08-03 10:00:00,61.0,649.35,16.28,24.79,31.1,59.0,26.3,1002.0,53.45
2025-08-03 11:00:00,72.0,590.15,10.545,24.05,31.1,59.0,27.7,1002.0,51.754999999999995
2025-08-03 12:00:00,76.0,540.2,8.325,23.495,31.2,59.0,27.7,1002.0,50.346500000000006
2025-08-03 13:00:00,79.0,527.25,7.215,22.385,31.2,59.0,27.0,1002.0,49.7665
2025-08-03 14:00:00,79.0,542.05,7.03,21.46,30.2,62.0,24.8,1002.0,49.489000000000004
2025-08-03 15:00:00,76.0,597.55,7.585,21.275,30.4,62.0,25.9,1003.0,49.939499999999995
2025-08-03 16:00:00,70.0,680.8,9.25,21.645,29.4,66.0,25.6,1003.0,50.988499999999995
2025-08-03 17:00:00,63.0,745.55,13.69,21.83,29.4,66.0,23.4,1004.0,52.94
2025-08-03 18:00:00,53.0,777.0,23.865,22.2,28.1,70.0,24.1,1004.0,56.859
2025-08-03 19:00:00,34.0,793.65,45.325,22.755,28.2,74.0,25.9,1004.0,64.6455
2025-08-03 20:00:00,34.0,793.65,45.325,22.755,27.2,84.0,25.9,1004.0,64.6455
2025-08-03 21:00:00,32.0,797.35,46.62,22.57,27.1,89.0,25.9,1004.0,64.804
2025-08-03 22:00:00,33.0,789.95,43.66,22.2,28.3,74.0,27.0,1004.0,62.995
2025-08-03 23:00:00,35.0,745.55,39.405,21.275,28.0,74.0,26.3,1003.0,59.691500000000005
2025-08-04 00:00:00,37.0,632.7,34.04,19.24,27.5,78.0,25.6,1004.0,53.798
2025-08-04 03:00:00,45.0,310.8,18.13,13.69,28.2,79.0,28.1,1004.0,37.439
2025-08-04 04:00:00,46.0,286.75,15.17,12.95,29.3,70.0,29.5,1005.0,35.112
2025-08-04 05:00:00,47.0,331.15,13.69,13.135,29.1,75.0,29.2,1005.0,35.5045
2025-08-04 06:00:00,47.0,519.85,15.17,14.43,31.3,63.0,29.9,1005.0,40.81400000000001
2025-08-04 07:00:00,47.0,778.85,18.13,16.65,32.2,52.0,31.7,1004.0,48.879999999999995
2025-08-04 08:00:00,50.0,925.0,19.425,18.87,32.3,49.0,31.0,1005.0,54.59
2025-08-04 09:00:00,57.0,845.45,16.835,20.905,31.3,55.0,31.7,1004.0,54.5625
2025-08-04 10:00:00,67.0,653.05,12.58,22.94,32.3,49.0,32.0,1004.0,52.179
2025-08-04 11:00:00,78.0,577.2,7.955,23.495,31.1,55.0,32.0,1003.0,51.4645
2025-08-04 12:00:00,81.0,540.2,6.29,22.755,30.2,59.0,32.0,1003.0,50.2555
2025-08-04 13:00:00,82.0,532.8,5.735,21.275,30.4,59.0,31.7,1003.0,49.33449999999999
2025-08-04 14:00:00,80.0,545.75,6.105,20.165,30.1,59.0,29.9,1003.0,48.6605
2025-08-04 15:00:00,76.0,588.3,7.03,19.795,29.2,66.0,29.2,1003.0,48.6815
2025-08-04 16:00:00,69.0,651.2,9.065,19.795,29.3,70.0,29.5,1004.0,49.0605
2025-08-04 17:00:00,62.0,699.3,12.21,19.795,29.3,70.0,28.4,1004.0,49.80949999999999
2025-08-04 18:00:00,55.0,719.65,17.945,20.165,29.3,66.0,29.5,1004.0,51.74249999999999
2025-08-04 19:00:00,42.0,715.95,29.97,20.72,28.1,74.0,31.0,1004.0,55.261
2025-08-04 20:00:00,42.0,715.95,29.97,20.72,27.1,84.0,31.0,1004.0,55.261
2025-08-04 21:00:00,40.0,699.3,31.08,19.98,27.3,84.0,32.0,1003.0,54.624
2025-08-04 22:00:00,41.0,669.7,29.785,18.685,28.3,74.0,32.0,1003.0,52.9075
2025-08-04 23:00:00,42.0,617.9,27.565,17.39,28.1,74.0,32.4,1002.0,50.192
2025-08-05 00:00:00,44.0,525.4,23.865,15.91,27.0,80.0,31.7,1003.0,45.982
2025-08-05 02:00:00,49.0,281.2,12.21,12.025,28.4,74.0,32.4,1003.0,33.6625
2025-08-05 04:00:00,50.0,264.55,10.36,11.47,28.3,74.0,34.6,1004.0,32.242
2025-08-05 05:00:00,51.0,301.55,9.805,11.47,30.1,62.0,34.6,1004.0,32.949
2025-08-05 06:00:00,50.0,451.4,12.21,12.58,30.4,66.0,34.2,1004.0,37.644
2025-08-05 07:00:00,49.0,656.75,15.91,14.43,30.3,62.0,33.5,1004.0,44.596000000000004
2025-08-05 08:00:00,50.0,778.85,17.76,16.28,30.1,62.0,32.8,1004.0,49.373000000000005
2025-08-05 09:00:00,56.0,736.3,15.355,18.13,31.2,55.0,33.5,1003.0,49.804
2025-08-05 10:00:00,65.0,612.35,10.915,19.795,31.2,55.0,33.1,1003.0,48.1935
2025-08-05 11:00:00,62.0,495.8,10.36,20.905,31.1,52.0,31.3,1003.0,45.1845
2025-08-05 12:00:00,64.0,475.45,8.88,20.72,30.0,59.0,31.7,1003.0,44.397
2025-08-05 13:00:00,66.0,490.25,8.14,19.98,29.1,62.0,32.0,1003.0,44.479000000000006
2025-08-05 14:00:00,66.0,521.7,8.14,19.425,29.1,62.0,31.0,1003.0,44.8305
2025-08-05 15:00:00,65.0,567.95,8.695,19.24,29.2,66.0,29.2,1003.0,45.696
2025-08-05 16:00:00,63.0,627.15,10.175,19.24,28.3,70.0,28.4,1003.0,47.168
2025-08-05 17:00:00,59.0,678.95,13.69,19.425,28.0,74.0,28.4,1004.0,49.205499999999994
2025-08-05 18:00:00,52.0,719.65,21.83,19.795,28.2,74.0,29.5,1004.0,52.9885
2025-08-05 19:00:00,38.0,762.2,38.48,20.35,28.3,74.0,28.1,1004.0,59.907
2025-08-05 20:00:00,38.0,762.2,38.48,20.35,28.2,74.0,28.1,1004.0,59.907
2025-08-05 21:00:00,37.0,749.25,38.48,19.98,28.4,74.0,29.2,1003.0,59.163
2025-08-05 22:00:00,39.0,715.95,34.965,19.055,28.1,70.0,29.2,1003.0,56.52550000000001
2025-08-05 23:00:00,41.0,660.45,30.34,17.945,28.4,74.0,28.8,1003.0,52.685500000000005
2025-08-06 00:00:00,44.0,560.55,24.975,16.28,27.3,78.0,25.2,1003.0,47.536
2025-08-06 02:00:00,50.0,301.55,11.285,11.84,28.1,74.0,28.1,1004.0,33.722
2025-08-06 04:00:00,50.0,286.75,10.175,11.47,28.3,79.0,29.2,1004.0,32.575
2025-08-06 05:00:00,49.0,329.3,10.73,12.025,29.2,66.0,29.9,1005.0,33.7365
2025-08-06 06:00:00,47.0,484.7,14.985,13.875,30.3,66.0,30.6,1005.0,39.722500000000004
2025-08-06 07:00:00,45.0,695.6,21.09,16.65,30.3,62.0,29.2,1005.0,48.391000000000005
2025-08-06 08:00:00,45.0,819.55,24.05,18.87,31.4,59.0,28.8,1005.0,53.756
2025-08-06 09:00:00,51.0,769.6,20.72,20.35,31.4,55.0,28.8,1004.0,53.29899999999999
2025-08-06 10:00:00,60.0,630.85,14.06,21.46,33.1,47.0,28.8,1004.0,49.783
2025-08-06 11:00:00,69.0,588.3,8.325,21.46,32.3,49.0,30.2,1004.0,48.191
2025-08-06 12:00:00,73.0,551.3,6.66,21.09,31.2,55.0,30.2,1003.0,47.467
2025-08-06 13:00:00,75.0,536.5,6.105,20.165,30.3,59.0,30.2,1003.0,46.9755
2025-08-06 14:00:00,75.0,547.6,6.66,19.61,30.1,59.0,28.8,1003.0,47.253
2025-08-06 15:00:00,73.0,597.55,7.585,19.98,29.0,66.0,26.6,1004.0,48.392
2025-08-06 16:00:00,68.0,671.55,9.62,20.72,29.1,66.0,24.8,1004.0,49.962999999999994
2025-08-06 17:00:00,62.0,738.15,14.06,21.645,29.2,66.0,24.1,1005.0,52.62149999999999
2025-08-06 18:00:00,53.0,788.1,23.68,22.94,28.2,70.0,25.6,1005.0,57.339999999999996
2025-08-06 19:00:00,34.0,847.3,43.66,24.79,28.2,74.0,27.7,1005.0,65.737
2025-08-06 20:00:00,34.0,847.3,43.66,24.79,28.4,70.0,27.7,1004.0,65.737
2025-08-06 21:00:00,32.0,843.6,44.585,24.05,28.3,70.0,27.4,1004.0,65.248
2025-08-06 22:00:00,34.0,817.7,41.625,22.57,28.3,74.0,26.3,1003.0,62.81399999999999
2025-08-06 23:00:00,36.0,762.2,37.37,20.72,28.1,74.0,25.9,1003.0,58.82599999999999
2025-08-07 00:00:00,38.0,654.9,32.005,18.685,28.1,74.0,25.2,1003.0,53.0435
2025-08-07 02:00:00,44.0,416.25,19.795,14.8,28.3,74.0,27.0,1005.0,40.802
2025-08-07 04:00:00,46.0,340.4,14.245,13.69,29.3,70.0,28.1,1005.0,36.0
2025-08-07 05:00:00,47.0,384.8,13.875,14.43,31.1,59.0,27.0,1006.0,37.336
2025-08-07 06:00:00,47.0,560.55,16.465,16.465,32.0,56.0,27.0,1005.0,43.4225
2025-08-07 07:00:00,46.0,802.9,20.72,19.61,32.2,49.0,27.7,1005.0,52.095
2025-08-07 08:00:00,48.0,939.8,22.57,22.015,32.3,49.0,27.7,1005.0,57.7455
2025-08-07 09:00:00,56.0,867.65,19.24,23.495,33.1,47.0,28.1,1004.0,57.444500000000005
2025-08-07 10:00:00,66.0,691.9,13.505,24.42,33.4,49.0,28.4,1004.0,53.951
2025-08-07 11:00:00,73.0,603.1,8.88,24.05,33.4,47.0,29.5,1004.0,51.315
2025-08-07 12:00:00,77.0,577.2,7.215,23.31,32.1,49.0,29.9,1003.0,50.628
2025-08-07 13:00:00,78.0,592.0,6.66,22.015,30.1,59.0,29.5,1003.0,50.2435
2025-08-07 14:00:00,77.0,619.75,7.03,21.09,30.1,59.0,28.8,1003.0,50.257999999999996
2025-08-07 15:00:00,74.0,653.05,7.77,21.275,29.1,62.0,28.1,1003.0,50.560500000000005
2025-08-07 16:00:00,69.0,699.3,9.435,21.83,29.3,66.0,27.0,1004.0,51.26199999999999
2025-08-07 17:00:00,63.0,736.3,12.765,22.385,28.3,70.0,26.3,1005.0,52.4775
2025-08-07 18:00:00,55.0,762.2,19.61,22.755,28.3,74.0,27.4,1005.0,54.8875
2025-08-07 19:00:00,38.0,782.55,34.595,23.125,28.0,74.0,29.2,1005.0,59.3705
2025-08-07 20:00:00,38.0,782.55,34.595,23.125,28.4,74.0,29.2,1005.0,59.3705
2025-08-07 21:00:00,36.0,769.6,36.445,22.57,28.2,70.0,29.5,1004.0,59.343999999999994
2025-08-07 22:00:00,36.0,740.0,35.89,21.46,28.1,74.0,29.9,1003.0,57.864000000000004
2025-08-07 23:00:00,37.0,686.35,33.485,20.165,28.1,74.0,29.2,1003.0,55.0005
2025-08-08 00:00:00,39.0,590.15,28.675,18.13,26.8,78.0,28.4,1003.0,49.772999999999996
2025-08-08 02:00:00,46.0,381.1,16.65,13.875,28.0,70.0,28.8,1004.0,38.3495
2025-08-08 04:00:00,48.0,301.55,11.84,12.21,29.2,66.0,28.8,1004.0,33.64
2025-08-08 05:00:00,49.0,338.55,11.655,12.58,31.1,59.0,30.2,1005.0,34.754
2025-08-08 06:00:00,49.0,495.8,14.245,14.06,32.2,52.0,30.6,1005.0,40.193
2025-08-08 07:00:00,48.0,714.1,18.5,16.465,33.2,49.0,31.0,1005.0,48.0145
2025-08-08 08:00:00,49.0,843.6,20.35,18.5,33.2,49.0,31.3,1005.0,53.032
2025-08-08 09:00:00,54.0,791.8,17.76,20.165,34.3,41.0,32.8,1005.0,52.7745
2025-08-08 10:00:00,62.0,651.2,13.135,21.83,33.4,44.0,32.0,1004.0,50.419999999999995
2025-08-08 11:00:00,71.0,558.7,8.325,21.83,33.1,47.0,30.6,1004.0,48.384
2025-08-08 12:00:00,75.0,534.65,6.66,21.46,32.2,49.0,30.2,1004.0,47.919
2025-08-08 13:00:00,77.0,543.9,5.92,20.535,32.1,49.0,30.6,1004.0,47.7975
2025-08-08 14:00:00,76.0,569.8,6.105,19.98,32.1,49.0,30.6,1004.0,47.849000000000004
2025-08-08 15:00:00,72.0,612.35,7.215,20.165,30.1,55.0,29.2,1005.0,48.2585
2025-08-08 16:00:00,66.0,669.7,9.25,20.535,29.2,58.0,28.4,1006.0,49.0115
2025-08-08 17:00:00,59.0,710.4,12.765,20.905,29.3,58.0,27.7,1006.0,50.0195
2025-08-08 18:00:00,51.0,721.5,19.425,21.275,28.3,70.0,28.4,1007.0,52.022499999999994
2025-08-08 19:00:00,37.0,710.4,32.93,21.275,28.2,70.0,31.0,1007.0,55.703500000000005
2025-08-08 20:00:00,37.0,710.4,32.93,21.275,28.1,66.0,31.0,1006.0,55.703500000000005
2025-08-08 21:00:00,35.0,715.95,33.67,20.72,28.3,70.0,31.0,1006.0,55.381
2025-08-08 22:00:00,36.0,715.95,31.635,19.795,28.2,70.0,29.2,1005.0,53.9975
2025-08-08 23:00:00,38.0,682.65,28.49,18.5,28.2,70.0,29.9,1005.0,51.397
2025-08-09 00:00:00,40.0,579.05,24.235,16.65,26.8,78.0,29.5,1005.0,46.447
2025-08-09 02:00:00,45.0,334.85,14.615,12.95,28.1,70.0,28.4,1006.0,35.441
2025-08-09 03:00:00,46.0,283.05,12.025,12.21,29.1,66.0,28.1,1007.0,32.781000000000006
2025-08-09 04:00:00,47.0,264.55,10.36,12.21,29.1,66.0,28.8,1007.0,31.712
2025-08-09 05:00:00,47.0,305.25,10.36,12.765,30.1,59.0,29.5,1007.0,32.8035
2025-08-09 06:00:00,46.0,460.65,13.135,14.615,31.1,55.0,29.2,1007.0,38.201499999999996
2025-08-09 07:00:00,45.0,671.55,17.575,17.02,31.2,55.0,29.2,1007.0,45.986
2025-08-09 08:00:00,46.0,795.5,19.61,19.24,32.4,52.0,31.0,1007.0,51.096
2025-08-09 09:00:00,52.0,738.15,17.02,20.905,32.3,52.0,31.0,1006.0,51.0275
2025-08-09 10:00:00,60.0,590.15,12.21,22.2,31.2,55.0,29.5,1006.0,48.229
2025-08-09 11:00:00,62.0,503.2,10.175,23.495,30.2,59.0,28.8,1006.0,46.5165
2025-08-09 12:00:00,66.0,486.55,8.14,22.57,30.2,59.0,27.7,1005.0,45.7
2025-08-09 13:00:00,70.0,514.3,6.475,20.72,30.3,59.0,26.6,1005.0,45.531
2025-08-09 14:00:00,70.0,553.15,6.29,19.61,30.2,62.0,26.6,1005.0,45.642
2025-08-09 15:00:00,66.0,593.85,7.77,19.61,29.0,66.0,26.3,1005.0,46.144
2025-08-09 16:00:00,59.0,647.5,10.545,20.35,28.2,70.0,27.7,1006.0,47.152
2025-08-09 17:00:00,52.0,695.6,14.245,20.905,28.1,70.0,28.4,1006.0,48.5115
2025-08-09 18:00:00,46.0,749.25,19.98,21.46,28.2,70.0,29.5,1006.0,51.503
2025-08-09 19:00:00,37.0,812.15,31.265,22.015,28.0,74.0,29.2,1007.0,57.1095
2025-08-09 20:00:00,37.0,812.15,31.265,22.015,28.2,74.0,29.2,1006.0,57.1095
2025-08-09 21:00:00,36.0,764.05,31.635,21.09,28.4,74.0,26.6,1006.0,55.607
2025-08-09 22:00:00,37.0,678.95,29.415,19.425,28.1,74.0,25.6,1005.0,52.040499999999994
2025-08-09 23:00:00,38.0,592.0,26.455,17.945,28.0,74.0,25.2,1005.0,48.085499999999996
2025-08-10 00:00:00,40.0,508.75,22.57,16.65,27.1,78.0,25.9,1005.0,44.042
2025-08-10 02:00:00,45.0,357.05,14.43,14.43,28.3,79.0,28.4,1006.0,36.513999999999996
2025-08-10 04:00:00,45.0,271.95,11.285,12.765,28.4,79.0,29.5,1006.0,32.0925
2025-08-10 05:00:00,45.0,303.4,11.285,12.95,29.0,70.0,27.7,1006.0,32.814
2025-08-10 06:00:00,44.0,468.05,13.69,14.985,30.4,62.0,27.0,1006.0,38.2675
2025-08-10 07:00:00,43.0,695.6,17.39,17.945,32.3,52.0,26.3,1006.0,46.218500000000006
2025-08-10 08:00:00,45.0,832.5,18.87,20.35,32.1,52.0,26.6,1005.0,51.647000000000006
2025-08-10 09:00:00,52.0,780.7,16.095,21.83,33.1,49.0,28.4,1005.0,51.786
2025-08-10 10:00:00,62.0,634.55,11.285,22.755,33.0,49.0,29.2,1004.0,49.439499999999995
2025-08-10 11:00:00,66.0,527.25,8.88,24.605,32.3,56.0,28.8,1004.0,47.975500000000004
2025-08-10 12:00:00,69.0,508.75,7.215,24.235,30.3,62.0,29.2,1004.0,47.3215
2025-08-10 13:00:00,71.0,525.4,6.845,23.125,29.2,62.0,28.1,1004.0,47.4775
2025-08-10 14:00:00,70.0,555.0,7.215,22.015,29.4,62.0,27.4,1004.0,47.4365
2025-08-10 15:00:00,66.0,595.7,8.325,21.275,29.2,66.0,27.7,1004.0,47.346500000000006
2025-08-10 16:00:00,60.0,647.5,10.175,20.905,28.3,74.0,28.4,1005.0,47.5075
2025-08-10 17:00:00,54.0,690.05,12.95,20.535,28.0,74.0,29.5,1005.0,48.0385
2025-08-10 18:00:00,48.0,717.8,17.39,20.72,28.1,74.0,29.5,1005.0,49.55
2025-08-10 19:00:00,39.0,734.45,26.455,21.275,28.3,74.0,28.4,1005.0,52.8995
2025-08-10 20:00:00,39.0,734.45,26.455,21.275,28.3,74.0,28.4,1005.0,52.8995
2025-08-10 21:00:00,37.0,714.1,28.305,20.905,28.2,70.0,28.8,1005.0,52.8175
2025-08-10 22:00:00,37.0,677.1,28.86,20.165,27.0,74.0,29.2,1004.0,52.040499999999994
2025-08-10 23:00:00,37.0,619.75,27.75,19.055,28.2,70.0,30.2,1004.0,49.6725
2025-08-11 00:00:00,39.0,527.25,24.05,17.39,26.6,83.0,28.4,1005.0,45.37
2025-08-11 02:00:00,43.0,331.15,14.615,14.245,28.3,74.0,29.5,1005.0,35.414500000000004
2025-08-11 04:00:00,43.0,260.85,11.84,13.505,29.4,66.0,30.2,1005.0,31.973500000000005
2025-08-11 05:00:00,43.0,296.0,12.025,13.875,29.1,70.0,30.6,1006.0,32.9725
2025-08-11 06:00:00,42.0,447.7,14.245,15.355,31.3,59.0,31.0,1005.0,37.7785
2025-08-11 07:00:00,41.0,654.9,17.39,17.205,30.0,62.0,31.3,1005.0,44.43449999999999
2025-08-11 08:00:00,42.0,778.85,18.685,19.055,30.0,62.0,33.1,1005.0,48.915499999999994
2025-08-11 09:00:00,47.0,728.9,16.28,20.35,30.4,62.0,32.0,1004.0,48.620999999999995
2025-08-11 10:00:00,54.0,593.85,11.84,21.46,30.3,62.0,32.8,1004.0,45.911
2025-08-11 11:00:00,59.0,562.4,8.14,20.905,29.0,70.0,33.1,1003.0,44.284499999999994
2025-08-11 12:00:00,62.0,538.35,7.03,20.905,29.0,70.0,32.4,1003.0,44.0375
2025-08-11 13:00:00,63.0,545.75,6.845,20.35,29.3,70.0,32.4,1003.0,44.096999999999994
2025-08-11 14:00:00,62.0,564.25,7.4,19.98,29.3,70.0,30.6,1003.0,44.315000000000005
2025-08-11 15:00:00,60.0,597.55,8.14,19.795,27.2,79.0,29.2,1003.0,44.7325
2025-08-11 16:00:00,56.0,641.95,9.62,19.61,28.0,74.0,31.0,1004.0,45.216
2025-08-11 17:00:00,51.0,680.8,12.58,19.61,28.3,74.0,32.4,1004.0,46.269
2025-08-11 18:00:00,45.0,710.4,18.5,20.165,28.3,74.0,30.2,1004.0,48.8905
2025-08-11 19:00:00,35.0,734.45,30.525,20.905,27.2,79.0,33.1,1004.0,53.9565
2025-08-11 20:00:00,35.0,734.45,30.525,20.905,27.2,74.0,33.1,1004.0,53.9565
2025-08-11 21:00:00,34.0,703.0,30.34,20.165,27.2,74.0,32.8,1003.0,52.546499999999995
2025-08-11 22:00:00,36.0,647.5,27.565,18.685,27.2,74.0,31.3,1003.0,49.6315
2025-08-11 23:00:00,38.0,580.9,24.05,17.205,27.0,74.0,31.7,1003.0,46.0505
2025-08-12 00:00:00,40.0,492.1,19.795,15.54,27.1,74.0,31.0,1002.0,41.489000000000004
2025-08-12 02:00:00,44.0,318.2,11.285,12.58,28.1,74.0,31.3,1003.0,32.625
2025-08-12 03:00:00,45.0,275.65,9.435,11.655,28.2,74.0,32.4,1003.0,30.5015
2025-08-12 04:00:00,44.0,259.0,8.695,11.1,28.1,74.0,33.5,1003.0,29.147
2025-08-12 05:00:00,44.0,292.3,9.25,11.47,28.0,74.0,33.8,1003.0,30.331
2025-08-12 06:00:00,43.0,423.65,11.84,13.135,29.1,70.0,34.6,1004.0,35.0445
2025-08-12 07:00:00,42.0,604.95,15.54,15.725,29.0,70.0,33.1,1003.0,41.8855
2025-08-12 08:00:00,42.0,714.1,17.39,17.76,30.2,66.0,33.8,1003.0,46.196000000000005
2025-08-12 09:00:00,45.0,680.8,15.54,18.87,29.4,66.0,34.2,1002.0,45.875
2025-08-12 10:00:00,51.0,577.2,11.655,19.61,30.2,62.0,33.5,1002.0,43.641999999999996
2025-08-12 11:00:00,53.0,512.45,10.36,19.61,30.3,62.0,34.2,1001.0,42.169999999999995
2025-08-12 12:00:00,57.0,501.35,8.325,19.24,30.1,62.0,32.4,1000.0,41.742
2025-08-12 13:00:00,61.0,521.7,6.845,18.5,29.0,66.0,30.6,1001.0,42.091
2025-08-12 14:00:00,62.0,555.0,6.66,17.945,29.1,70.0,29.9,1001.0,42.668499999999995
2025-08-12 15:00:00,60.0,601.25,7.955,18.13,28.2,79.0,28.4,1001.0,43.863
2025-08-12 16:00:00,56.0,660.45,10.545,18.685,28.3,74.0,28.1,1001.0,45.6785
2025-08-12 17:00:00,51.0,710.4,14.43,19.055,28.3,74.0,27.7,1002.0,47.6935
2025-08-12 18:00:00,45.0,745.55,20.72,19.425,28.0,79.0,27.0,1002.0,50.555499999999995
2025-08-12 19:00:00,35.0,775.15,32.93,19.795,28.3,79.0,25.6,1002.0,55.6585
2025-08-12 20:00:00,35.0,775.15,32.93,19.795,28.3,79.0,25.6,1001.0,55.6585
2025-08-12 21:00:00,34.0,762.2,32.93,19.98,28.1,79.0,25.2,1001.0,55.192
2025-08-12 22:00:00,35.0,730.75,30.155,20.165,28.0,74.0,24.8,1001.0,53.290499999999994
2025-08-12 23:00:00,37.0,671.55,26.64,19.61,28.3,74.0,24.5,1000.0,50.32
2025-08-13 00:00:00,39.0,558.7,22.57,17.945,26.7,81.0,23.0,1001.0,45.38849999999999
2025-08-13 02:00:00,43.0,314.5,14.06,14.245,27.3,84.0,22.3,1001.0,34.7485
2025-08-13 03:00:00,44.0,264.55,12.025,13.135,27.2,84.0,23.0,1001.0,32.2735
2025-08-13 04:00:00,44.0,251.6,11.1,12.765,28.3,79.0,23.0,1001.0,31.2745
2025-08-13 05:00:00,44.0,307.1,11.655,13.505,28.1,79.0,23.0,1001.0,33.0875
2025-08-13 06:00:00,43.0,493.95,15.17,16.65,29.2,75.0,23.8,1001.0,40.206
2025-08-13 07:00:00,42.0,747.4,20.165,21.09,29.0,75.0,23.8,1001.0,50.192
2025-08-13 08:00:00,43.0,897.25,22.755,24.605,30.4,66.0,23.8,1001.0,56.8005
2025-08-13 09:00:00,48.0,843.6,20.72,26.085,30.3,66.0,24.5,1000.0,56.7465
2025-08-13 10:00:00,55.0,688.2,16.465,26.64,30.3,66.0,24.1,1000.0,53.463
2025-08-13 11:00:00,61.0,601.25,12.395,27.38,30.4,66.0,23.4,999.0,51.452
2025-08-13 12:00:00,63.0,569.8,10.545,26.085,30.1,66.0,22.7,999.0,49.665499999999994
2025-08-13 13:00:00,64.0,569.8,9.805,24.05,29.2,70.0,21.6,999.0,48.504
2025-08-13 14:00:00,63.0,592.0,10.175,22.755,29.1,70.0,22.3,999.0,48.2225
2025-08-13 15:00:00,61.0,641.95,11.655,22.94,28.3,74.0,21.6,1000.0,49.602000000000004
2025-08-13 16:00:00,57.0,714.1,14.06,23.865,28.1,74.0,20.2,1000.0,51.750499999999995
2025-08-13 17:00:00,53.0,789.95,17.945,24.975,29.2,70.0,18.7,1001.0,54.953500000000005
2025-08-13 18:00:00,47.0,873.2,24.235,26.64,28.0,79.0,20.5,1001.0,59.425000000000004
2025-08-13 19:00:00,35.0,1006.4,37.925,29.97,28.1,79.0,16.2,1001.0,68.368
2025-08-13 20:00:00,35.0,1006.4,37.925,29.97,28.0,79.0,16.2,1001.0,68.368
2025-08-13 21:00:00,31.0,993.45,41.995,29.785,28.3,79.0,15.1,1000.0,69.2585
2025-08-13 22:00:00,29.0,941.65,44.4,28.86,27.2,79.0,16.2,1000.0,68.60300000000001
2025-08-13 23:00:00,28.0,878.75,44.77,27.565,27.2,79.0,16.6,1000.0,66.6195
2025-08-14 00:00:00,29.0,804.75,41.44,25.345,27.1,80.0,11.5,1001.0,62.33149999999999
2025-08-14 02:00:00,31.0,640.1,31.82,21.09,28.1,79.0,6.8,1002.0,51.739
2025-08-14 03:00:00,30.0,538.35,30.525,20.165,29.1,75.0,6.8,1002.0,48.164500000000004
2025-08-14 04:00:00,28.0,442.15,30.71,19.98,29.3,70.0,7.6,1002.0,45.659
2025-08-14 05:00:00,27.0,453.25,31.45,22.015,30.3,66.0,6.8,1003.0,47.0425
2025-08-14 06:00:00,28.0,688.2,33.3,27.935,31.0,63.0,9.7,1003.0,56.1115
2025-08-14 07:00:00,31.0,1026.75,35.705,35.89,32.2,56.0,13.7,1002.0,69.203
2025-08-14 08:00:00,35.0,1219.15,35.89,42.18,33.3,53.0,14.0,1002.0,77.507
2025-08-14 09:00:00,42.0,1108.15,32.005,45.88,33.3,53.0,13.3,1002.0,76.906
2025-08-14 10:00:00,51.0,851.0,25.715,47.915,33.1,53.0,15.1,1001.0,71.70649999999999
2025-08-14 11:00:00,68.0,614.2,13.135,35.52,32.3,59.0,16.2,1001.0,58.325
2025-08-14 12:00:00,78.0,584.6,9.805,32.745,31.2,63.0,16.9,1000.0,57.3475
2025-08-14 13:00:00,86.0,627.15,7.955,29.045,30.1,66.0,17.6,1000.0,57.6385
2025-08-14 14:00:00,90.0,682.65,7.585,26.455,30.0,66.0,18.0,1001.0,58.4315
2025-08-14 15:00:00,86.0,738.15,8.51,25.9,30.1,70.0,16.6,1001.0,58.619
2025-08-14 16:00:00,77.0,806.6,10.915,26.27,29.1,75.0,11.5,1002.0,58.916
2025-08-14 17:00:00,67.0,862.1,15.725,26.455,29.1,75.0,10.4,1002.0,60.0045
2025-08-14 18:00:00,54.0,902.8,24.975,26.27,29.1,66.0,10.1,1003.0,62.376
2025-08-14 19:00:00,29.0,917.6,45.51,25.53,29.3,66.0,8.6,1003.0,67.123
2025-08-14 20:00:00,29.0,917.6,45.51,25.53,29.2,70.0,8.6,1002.0,67.123
2025-08-14 21:00:00,25.0,841.75,49.95,25.715,29.2,75.0,8.6,1002.0,67.1625
2025-08-14 22:00:00,24.0,728.9,51.8,25.9,29.2,75.0,6.5,1002.0,65.808
2025-08-14 23:00:00,24.0,632.7,51.8,25.53,28.1,74.0,5.0,1002.0,63.699
2025-08-15 00:00:00,25.0,567.95,48.84,24.05,27.8,79.0,5.4,1001.0,60.188
2025-08-15 02:00:00,27.0,505.05,40.33,20.35,28.0,84.0,7.6,1003.0,52.574
2025-08-15 03:00:00,25.0,514.3,39.96,19.24,29.2,79.0,7.6,1003.0,51.382
2025-08-15 04:00:00,22.0,553.15,41.255,18.87,31.3,66.0,8.6,1003.0,51.851000000000006
2025-08-15 05:00:00,21.0,660.45,41.44,20.535,31.0,63.0,11.9,1003.0,54.640499999999996
2025-08-15 06:00:00,23.0,915.75,40.33,26.27,32.1,52.0,13.0,1003.0,62.547999999999995
2025-08-15 07:00:00,28.0,1237.65,38.48,34.04,33.3,47.0,15.8,1003.0,73.261
2025-08-15 08:00:00,36.0,1411.55,34.965,40.515,35.1,44.0,19.1,1002.0,80.2675
2025-08-15 09:00:00,48.0,1296.85,28.675,44.4,35.1,44.0,20.5,1002.0,79.74199999999999
2025-08-15 10:00:00,64.0,1034.15,20.905,46.805,35.4,44.0,21.6,1001.0,75.8285
2025-08-15 11:00:00,94.0,852.85,22.755,65.12,35.2,44.0,23.0,1000.0,91.47
2025-08-15 12:00:00,111.0,760.35,15.54,57.35,35.3,44.0,22.0,1000.0,86.506
2025-08-15 13:00:00,123.0,730.75,10.175,44.585,33.4,49.0,19.8,1000.0,79.9125
2025-08-15 14:00:00,129.0,732.6,7.585,35.15,32.4,52.0,17.6,1000.0,75.478
2025-08-15 15:00:00,125.0,773.3,8.14,33.485,31.3,59.0,16.6,1001.0,74.5925
2025-08-15 16:00:00,114.0,847.3,11.655,35.335,30.0,59.0,15.1,1001.0,75.8065
2025-08-15 17:00:00,99.0,912.05,17.39,36.075,30.2,66.0,15.1,1002.0,76.4125
2025-08-15 18:00:00,76.0,963.85,27.195,33.3,30.2,70.0,13.3,1002.0,75.04400000000001
2025-08-15 19:00:00,29.0,1002.7,49.21,26.64,29.3,75.0,11.5,1001.0,71.6
2025-08-15 20:00:00,29.0,1002.7,49.21,26.64,29.4,70.0,11.5,1001.0,71.6
2025-08-15 21:00:00,20.0,934.25,55.13,26.64,29.4,75.0,11.2,1001.0,71.083
2025-08-15 22:00:00,17.0,821.4,58.645,27.75,29.1,70.0,10.8,1000.0,70.59
2025-08-15 23:00:00,17.0,708.55,59.2,28.12,29.4,70.0,10.1,1000.0,68.851
2025-08-16 00:00:00,19.0,593.85,55.13,26.825,28.0,80.0,8.6,1000.0,64.06750000000001
2025-08-16 02:00:00,27.0,405.15,42.55,23.495,29.3,75.0,8.3,1001.0,53.4805
2025-08-16 03:00:00,27.0,379.25,39.96,22.2,30.2,70.0,9.0,1001.0,50.761
2025-08-16 04:00:00,26.0,394.05,38.665,21.645,30.3,70.0,9.4,1001.0,49.70249999999999
2025-08-16 05:00:00,27.0,477.3,37.37,24.05,32.2,59.0,10.1,1002.0,52.092999999999996
2025-08-16 06:00:00,29.0,690.05,36.26,32.19,34.1,50.0,11.9,1001.0,60.35199999999999
2025-08-16 07:00:00,32.0,971.25,34.965,43.29,35.3,44.0,14.4,1001.0,71.649
2025-08-16 08:00:00,40.0,1152.55,32.375,51.8,36.1,42.0,15.8,1000.0,80.376
2025-08-16 09:00:00,55.0,1147.0,26.825,55.5,36.0,47.0,17.6,1000.0,83.285
2025-08-16 10:00:00,76.0,1041.55,19.61,56.425,35.1,50.0,18.7,999.0,83.6095
2025-08-16 11:00:00,113.0,956.45,17.945,65.86,34.1,50.0,21.2,998.0,96.726
2025-08-16 12:00:00,132.0,851.0,13.69,62.9,34.2,53.0,22.7,998.0,96.284
2025-08-16 13:00:00,146.0,764.05,10.175,56.425,33.2,53.0,22.3,998.0,93.39849999999998
2025-08-16 14:00:00,150.0,725.2,8.88,50.135,31.2,63.0,20.5,999.0,89.89949999999999
2025-08-16 15:00:00,138.0,769.6,10.36,45.14,31.4,63.0,18.0,999.0,85.578
2025-08-16 16:00:00,115.0,862.1,14.06,40.33,30.0,70.0,16.6,1000.0,80.34299999999999
2025-08-16 17:00:00,92.0,934.25,19.425,36.26,30.4,66.0,16.6,1000.0,76.07
2025-08-16 18:00:00,29.0,1002.7,49.21,26.64,29.1,75.0,10.1,1001.0,71.6
2025-08-16 19:00:00,31.0,950.9,46.25,29.6,29.3,75.0,10.4,1001.0,70.868
2025-08-16 20:00:00,31.0,950.9,46.25,29.6,29.2,70.0,10.4,1001.0,70.868
2025-08-16 21:00:00,23.0,865.8,50.505,29.97,29.2,70.0,11.5,1000.0,69.50399999999999
2025-08-16 22:00:00,22.0,743.7,52.54,31.45,29.3,70.0,14.4,999.0,68.723
2025-08-16 23:00:00,21.0,632.7,53.095,32.005,29.3,75.0,13.3,999.0,66.8135
2025-08-17 00:00:00,21.0,542.05,52.355,31.08,28.4,79.0,10.8,999.0,64.094
2025-08-17 02:00:00,23.0,403.3,47.175,27.75,29.0,79.0,10.8,999.0,57.145999999999994
2025-08-17 03:00:00,24.0,358.9,43.66,26.27,30.2,75.0,11.5,1000.0,53.708999999999996
2025-08-17 04:00:00,26.0,338.55,39.405,25.16,30.4,75.0,11.2,1000.0,50.794
2025-08-17 05:00:00,28.0,386.65,35.52,25.53,31.3,71.0,10.1,1000.0,50.21
2025-08-17 06:00:00,30.0,571.65,32.375,28.305,33.2,59.0,12.2,1000.0,54.01050000000001
2025-08-17 07:00:00,33.0,825.1,29.415,32.56,34.4,56.0,15.1,1000.0,60.330999999999996
2025-08-17 08:00:00,41.0,984.2,25.9,36.815,35.2,53.0,16.6,999.0,65.9315
2025-08-17 09:00:00,58.0,958.3,21.275,41.44,35.3,50.0,19.1,998.0,70.05099999999999
2025-08-17 10:00:00,80.0,838.05,16.095,46.065,35.1,50.0,23.8,998.0,73.4505
2025-08-17 11:00:00,122.0,1023.05,19.055,50.69,35.1,47.0,20.2,998.0,93.839
2025-08-17 12:00:00,147.0,926.85,15.17,52.355,35.1,47.0,18.7,997.0,97.9165
2025-08-17 13:00:00,168.0,830.65,11.655,52.355,34.2,53.0,17.3,998.0,100.1835
2025-08-17 14:00:00,178.0,786.25,10.73,51.43,34.1,53.0,17.6,998.0,101.278
2025-08-17 15:00:00,172.0,830.65,13.135,49.395,32.1,63.0,16.2,999.0,100.7915
2025-08-17 16:00:00,154.0,926.85,18.13,46.435,32.1,63.0,17.6,1000.0,98.8325
2025-08-17 17:00:00,132.0,1017.5,26.085,43.475,31.2,63.0,17.3,1000.0,97.3385
2025-08-17 18:00:00,105.0,1097.05,39.775,40.515,31.4,71.0,16.2,1001.0,97.5635
2025-08-17 19:00:00,49.0,1195.1,67.155,35.15,31.1,71.0,14.0,1001.0,96.47
2025-08-17 20:00:00,49.0,1195.1,67.155,35.15,30.4,75.0,14.0,1001.0,96.47
2025-08-17 21:00:00,39.0,1143.3,66.415,33.855,30.2,75.0,15.1,1001.0,91.3425
2025-08-17 22:00:00,37.0,1039.7,59.94,33.3,30.0,75.0,17.3,1001.0,84.50799999999998
2025-08-17 23:00:00,35.0,915.75,54.39,32.745,29.2,84.0,15.5,1001.0,77.8215
2025-08-18 00:00:00,32.0,758.5,52.355,31.635,29.3,78.0,12.6,1000.0,72.0005
2025-08-18 02:00:00,26.0,444.0,51.985,30.895,29.4,84.0,13.0,1001.0,63.31849999999999
2025-08-18 03:00:00,21.0,360.75,55.685,32.56,31.3,75.0,13.0,1001.0,63.206
2025-08-18 04:00:00,16.0,320.05,60.865,35.15,31.0,71.0,10.4,1002.0,65.295
2025-08-18 05:00:00,14.0,377.4,63.825,39.59,32.2,67.0,3.6,1002.0,69.83800000000001
2025-08-18 06:00:00,15.0,616.05,63.27,46.99,33.1,67.0,5.8,1002.0,78.278
2025-08-18 07:00:00,20.0,949.05,60.495,56.055,35.3,56.0,10.4,1002.0,89.3055
2025-08-18 08:00:00,31.0,1172.9,55.87,62.715,37.2,42.0,14.4,1001.0,97.6375
2025-08-18 09:00:00,52.0,1182.15,48.84,65.675,38.0,40.0,13.3,1000.0,101.3845
2025-08-18 10:00:00,78.0,1080.4,40.145,66.415,37.2,45.0,14.4,1000.0,102.30250000000001
2025-08-18 11:00:00,128.0,973.1,21.46,51.8,37.1,45.0,17.6,999.0,96.638
2025-08-18 12:00:00,132.0,932.4,18.5,48.47,34.3,53.0,17.6,999.0,93.583
2025-08-18 13:00:00,123.0,934.25,17.02,41.995,34.3,53.0,16.9,999.0,86.7945
2025-08-18 14:00:00,113.0,971.25,17.945,37.37,33.1,59.0,19.4,1000.0,82.777
2025-08-18 15:00:00,104.0,1047.1,21.46,36.26,32.2,67.0,16.6,1001.0,83.148
2025-08-18 16:00:00,92.0,1158.1,27.38,36.815,31.0,71.0,18.7,1002.0,85.5975
2025-08-18 17:00:00,80.0,1291.3,35.705,38.11,30.1,75.0,20.5,1002.0,90.304
2025-08-18 18:00:00,65.0,1496.65,49.765,41.07,30.1,75.0,20.2,1002.0,99.827
2025-08-18 19:00:00,38.0,1813.0,76.405,46.25,30.4,70.0,19.8,1002.0,116.628
2025-08-18 20:00:00,38.0,1813.0,76.405,46.25,30.0,70.0,19.8,1001.0,116.628
2025-08-18 21:00:00,36.0,1661.3,74.0,43.475,30.3,70.0,15.5,1001.0,110.1635
2025-08-18 22:00:00,39.0,1374.55,64.75,38.48,30.2,66.0,11.5,1000.0,97.281
2025-08-18 23:00:00,42.0,1100.75,56.425,34.04,30.3,66.0,9.7,1000.0,85.49
2025-08-19 00:00:00,44.0,882.45,51.985,31.265,29.0,80.0,11.2,1000.0,77.67250000000001
2025-08-19 02:00:00,49.0,519.85,44.4,26.825,30.2,75.0,13.0,1001.0,65.14949999999999
2025-08-19 03:00:00,51.0,394.05,38.665,23.865,28.1,89.0,19.1,1001.0,58.31249999999999
2025-08-19 04:00:00,53.0,316.35,32.56,21.09,28.3,89.0,19.8,1001.0,52.30800000000001
2025-08-19 05:00:00,56.0,355.2,28.86,20.35,28.2,94.0,16.6,1002.0,51.394999999999996
2025-08-19 06:00:00,59.0,625.3,30.155,23.31,28.3,94.0,16.2,1002.0,59.954
2025-08-19 07:00:00,63.0,1013.8,33.855,28.305,29.1,89.0,16.6,1001.0,73.6415
2025-08-19 08:00:00,72.0,1248.75,34.78,33.3,32.1,75.0,19.1,1001.0,84.09299999999999
2025-08-19 09:00:00,90.0,1174.75,29.6,38.11,32.1,71.0,22.7,999.0,87.31
2025-08-19 10:00:00,113.0,949.05,21.46,42.92,28.0,84.0,26.6,1000.0,87.21700000000001
2025-08-19 11:00:00,86.0,741.85,34.595,43.66,26.1,94.0,29.2,997.0,83.224
2025-08-19 12:00:00,105.0,801.05,27.75,42.55,27.3,94.0,19.4,998.0,85.446
2025-08-19 13:00:00,124.0,945.35,20.72,39.22,27.3,94.0,26.6,999.0,88.14899999999999
2025-08-19 14:00:00,132.0,1085.95,18.13,35.335,27.1,94.0,19.4,999.0,89.8645
2025-08-19 15:00:00,120.0,1174.75,21.645,31.08,27.3,94.0,28.1,999.0,88.02199999999999
2025-08-19 16:00:00,97.0,1259.85,29.785,26.455,26.1,94.0,23.0,1000.0,85.3955
2025-08-19 17:00:00,75.0,1400.45,41.995,23.865,26.1,94.0,23.4,1001.0,87.63850000000001
2025-08-19 18:00:00,56.0,1683.5,62.53,24.975,26.4,94.0,18.0,1002.0,100.4755
2025-08-19 19:00:00,25.0,2203.35,104.34,30.155,26.3,94.0,20.2,999.0,129.24849999999998
2025-08-19 20:00:00,25.0,2203.35,104.34,30.155,26.3,94.0,20.2,1000.0,129.24849999999998
2025-08-19 21:00:00,19.0,2127.5,106.375,30.71,26.3,94.0,22.7,1000.0,127.43
2025-08-19 22:00:00,19.0,1896.25,100.455,30.34,26.3,94.0,25.9,1000.0,119.06800000000001
2025-08-19 23:00:00,19.0,1624.3,93.98,29.785,27.2,89.0,18.4,999.0,109.4665
2025-08-20 00:00:00,18.0,1306.1,90.095,28.86,28.0,81.0,15.1,999.0,100.00900000000001
2025-08-20 02:00:00,20.0,667.85,78.81,26.085,27.3,89.0,9.0,999.0,79.6855
2025-08-20 03:00:00,29.0,482.85,66.415,24.605,29.4,79.0,9.0,999.0,70.5085
2025-08-20 04:00:00,41.0,379.25,51.615,23.31,29.4,79.0,9.7,999.0,62.509
2025-08-20 05:00:00,52.0,442.15,41.81,22.755,31.1,71.0,9.7,999.0,60.9065
2025-08-20 06:00:00,59.0,834.35,42.55,24.235,32.2,67.0,7.2,1000.0,72.03450000000001
2025-08-20 07:00:00,64.0,1393.05,48.285,26.64,33.1,63.0,3.6,1000.0,89.352
2025-08-20 08:00:00,74.0,1711.25,49.025,27.565,34.2,60.0,3.6,1000.0,99.6225
2025-08-20 09:00:00,94.0,1531.8,38.295,25.53,35.0,60.0,6.5,998.0,94.578
2025-08-20 10:00:00,119.0,1111.85,22.57,22.2,34.2,60.0,17.6,998.0,82.57899999999998
2025-08-20 11:00:00,128.0,1167.35,17.02,21.09,28.1,89.0,19.8,997.0,82.504
2025-08-20 22:00:00,50.0,258.83,6.841,0.555,13.8,54.0,7.9,1012.0,24.558699999999998
2025-08-20 23:00:00,55.0,3193.1,52.725,21.275,26.0,89.0,4.0,1000.0,122.6345
2025-08-21 00:00:00,54.0,3178.3,47.915,20.535,28.2,82.0,5.4,1000.0,118.7825
2025-08-21 02:00:00,54.0,3367.0,37.185,18.5,26.4,94.0,10.8,1001.0,115.10100000000001
2025-08-21 03:00:00,53.0,3219.0,32.56,17.76,27.2,89.0,9.4,1002.0,108.696
2025-08-21 04:00:00,52.0,2991.45,28.49,17.205,27.2,89.0,8.6,1002.0,101.12549999999999
2025-08-21 05:00:00,52.0,2808.3,27.01,17.575,29.2,75.0,9.4,1003.0,96.75949999999999
2025-08-21 06:00:00,53.0,2725.05,30.895,19.425,30.1,66.0,12.6,1003.0,98.65050000000002
2025-08-21 07:00:00,55.0,2688.05,37.185,22.2,31.0,63.0,15.5,1003.0,103.672
2025-08-21 08:00:00,65.0,2658.45,39.22,24.42,31.2,63.0,13.7,1002.0,108.411
2025-08-21 09:00:00,91.0,2649.2,31.635,25.9,32.2,63.0,14.4,1001.0,112.215
2025-08-21 10:00:00,124.0,2645.5,19.61,26.825,33.1,59.0,17.6,1000.0,115.2885
2025-08-21 11:00:00,100.0,1000.85,44.585,48.1,32.3,67.0,10.8,1001.0,100.818
2025-08-21 12:00:00,121.0,1143.3,32.93,46.065,30.3,75.0,11.2,1000.0,101.95649999999999
2025-08-21 13:00:00,141.0,1492.95,22.57,42.55,29.1,89.0,7.2,1000.0,106.976
2025-08-21 14:00:00,153.0,1851.85,17.76,40.145,29.4,79.0,5.0,1001.0,113.6655
2025-08-21 15:00:00,152.0,2142.3,20.905,39.96,28.4,79.0,8.3,1003.0,120.96900000000001
2025-08-21 16:00:00,142.0,2442.0,29.415,40.885,28.2,89.0,11.2,1003.0,129.5315
2025-08-21 17:00:00,129.0,2776.85,38.48,41.625,28.1,89.0,11.2,1004.0,138.1375
2025-08-21 18:00:00,113.0,3263.4,46.62,41.255,28.3,89.0,12.6,1003.0,147.76749999999998
2025-08-21 19:00:00,78.0,4014.5,63.825,40.885,27.1,84.0,15.8,1002.0,162.4275
2025-08-21 20:00:00,78.0,4014.5,63.825,40.885,27.2,84.0,15.8,1002.0,162.4275
2025-08-21 21:00:00,78.0,4014.5,63.825,40.885,27.0,79.0,15.8,1002.0,162.4275
2025-08-21 22:00:00,55.0,3215.3,80.845,46.62,27.1,84.0,13.7,1002.0,152.62300000000002
2025-08-21 23:00:00,47.0,2615.9,85.84,48.1,27.3,84.0,15.1,1001.0,141.972
2025-08-22 00:00:00,42.0,1964.7,85.84,45.88,27.2,84.0,16.2,1001.0,126.338
2025-08-22 02:00:00,37.0,734.45,77.33,37.74,27.1,84.0,18.0,1002.0,91.057
2025-08-22 03:00:00,36.0,490.25,70.115,34.225,29.0,75.0,18.0,1003.0,79.78649999999999
2025-08-22 04:00:00,37.0,425.5,61.05,31.08,29.2,75.0,18.4,1003.0,71.78
2025-08-22 05:00:00,39.0,477.3,52.91,29.785,29.1,70.0,24.8,1003.0,67.88449999999999
2025-08-22 06:00:00,43.0,708.55,46.805,31.82,29.4,75.0,27.0,1004.0,71.064
2025-08-22 07:00:00,48.0,1056.35,41.625,35.705,31.1,75.0,28.8,1003.0,78.3545
2025-08-22 08:00:00,54.0,1261.7,36.445,39.405,31.1,79.0,28.8,1003.0,83.0035
2025-08-22 09:00:00,61.0,1172.9,31.08,43.105,32.1,75.0,28.1,1002.0,81.9585
2025-08-22 10:00:00,68.0,941.65,26.085,46.62,32.3,75.0,27.7,1001.0,78.19399999999999
2025-08-22 11:00:00,105.0,1017.5,23.495,44.585,31.1,79.0,25.6,1000.0,88.2395
2025-08-22 12:00:00,122.0,752.95,9.62,39.775,30.3,84.0,26.6,1000.0,77.3185
2025-08-22 13:00:00,121.0,741.85,8.325,33.485,29.3,89.0,27.7,1000.0,72.8745
2025-08-22 14:00:00,117.0,747.4,8.51,28.49,29.3,89.0,28.1,1000.0,69.399
2025-08-22 15:00:00,108.0,754.8,9.065,25.9,29.4,84.0,27.4,1001.0,65.885
2025-08-22 16:00:00,95.0,777.0,11.1,24.42,29.3,84.0,25.9,1001.0,62.910000000000004
2025-08-22 17:00:00,95.0,777.0,11.1,24.42,28.2,89.0,25.6,1002.0,62.910000000000004
2025-08-22 18:00:00,67.0,884.3,26.085,22.94,28.3,89.0,27.0,1001.0,64.907
2025-08-22 19:00:00,42.0,997.15,47.73,22.385,28.2,89.0,30.2,1001.0,72.3735
2025-08-22 20:00:00,42.0,997.15,47.73,22.385,28.3,89.0,30.2,1000.0,72.3735
2025-08-22 21:00:00,40.0,917.6,47.545,21.46,28.1,89.0,31.0,1000.0,69.60900000000001
2025-08-22 22:00:00,40.0,917.6,47.545,21.46,28.2,89.0,31.0,1000.0,69.60900000000001
2025-08-22 23:00:00,45.0,647.5,36.445,18.685,28.4,89.0,31.0,999.0,57.6595
2025-08-23 00:00:00,48.0,538.35,29.97,16.65,28.1,84.0,30.2,999.0,51.474000000000004
2025-08-23 02:00:00,55.0,364.45,16.65,12.765,28.1,84.0,29.9,999.0,40.1615
2025-08-23 03:00:00,57.0,312.65,12.95,12.025,28.3,84.0,32.0,1000.0,37.1355
2025-08-23 04:00:00,58.0,290.45,10.915,11.84,29.0,79.0,32.4,1000.0,35.678
2025-08-23 05:00:00,58.0,351.5,10.915,12.395,29.2,79.0,31.3,1000.0,37.1765
2025-08-23 06:00:00,56.0,584.6,14.8,14.43,29.0,79.0,31.0,1001.0,44.587
2025-08-23 07:00:00,53.0,899.1,21.09,17.205,28.0,89.0,30.2,1001.0,55.1385
2025-08-23 08:00:00,53.0,1087.8,24.42,19.61,29.2,84.0,29.5,1000.0,62.113
2025-08-23 09:00:00,57.0,1023.05,22.385,21.46,29.2,84.0,30.2,1000.0,61.721999999999994
2025-08-23 10:00:00,62.0,830.65,17.76,23.125,28.4,74.0,32.0,999.0,57.4315
2025-08-23 11:00:00,77.0,656.75,10.73,23.31,28.1,74.0,32.0,999.0,54.328
2025-08-23 12:00:00,81.0,634.55,8.695,22.94,29.3,84.0,31.0,998.0,53.678
2025-08-23 13:00:00,82.0,619.75,7.77,21.83,29.0,84.0,30.2,998.0,52.571999999999996
2025-08-23 14:00:00,81.0,621.6,8.14,20.905,29.2,84.0,28.1,998.0,52.0685
2025-08-23 15:00:00,76.0,634.55,9.62,20.535,29.0,79.0,26.6,999.0,51.530499999999996
2025-08-23 16:00:00,69.0,666.0,12.21,20.535,28.1,84.0,26.6,999.0,51.6135
2025-08-23 17:00:00,61.0,732.6,16.65,20.35,28.3,89.0,27.0,1000.0,53.117000000000004
2025-08-23 18:00:00,52.0,889.85,25.345,20.165,28.3,89.0,26.6,1001.0,58.686499999999995
2025-08-23 19:00:00,52.0,889.85,25.345,20.165,28.4,89.0,26.6,1001.0,58.686499999999995
2025-08-23 20:00:00,35.0,1180.3,41.81,19.425,28.3,89.0,27.4,1001.0,68.9045
2025-08-23 21:00:00,35.0,1091.5,39.405,18.13,28.1,89.0,27.4,1000.0,65.038
2025-08-23 22:00:00,39.0,904.65,32.56,16.28,28.3,89.0,27.0,1000.0,57.46900000000001
2025-08-23 23:00:00,39.0,904.65,32.56,16.28,28.1,89.0,27.0,1000.0,57.46900000000001
2025-08-24 00:00:00,44.0,590.15,21.645,13.32,28.4,89.0,26.3,1000.0,44.64999999999999
2025-08-24 02:00:00,46.0,375.55,14.615,11.285,28.3,89.0,25.2,1001.0,35.7225
2025-08-24 03:00:00,47.0,323.75,12.395,10.915,28.1,89.0,27.4,1001.0,33.4695
2025-08-24 04:00:00,48.0,308.95,11.285,11.1,29.2,89.0,29.2,1001.0,32.9
2025-08-24 05:00:00,48.0,371.85,11.84,12.21,28.4,94.0,28.8,1002.0,35.046
2025-08-24 06:00:00,46.0,586.45,16.095,14.615,29.3,89.0,28.8,1001.0,42.4935
2025-08-24 07:00:00,46.0,586.45,16.095,14.615,29.2,89.0,28.8,1001.0,42.4935
2025-08-24 08:00:00,45.0,1048.95,25.16,20.905,29.1,89.0,29.2,1001.0,60.0275
2025-08-24 09:00:00,52.0,987.9,22.755,24.05,29.3,89.0,29.5,1001.0,61.036
2025-08-24 10:00:00,62.0,812.15,17.39,27.01,30.3,84.0,29.5,1000.0,58.782000000000004
2025-08-24 11:00:00,70.0,636.4,11.84,26.64,30.0,84.0,28.8,1000.0,54.152
2025-08-24 12:00:00,75.0,592.0,9.62,25.715,30.3,84.0,28.1,1000.0,52.9695
2025-08-24 13:00:00,78.0,588.3,8.695,23.865,29.3,84.0,28.1,999.0,52.31549999999999
2025-08-24 14:00:00,78.0,612.35,8.88,22.57,29.2,84.0,27.7,1000.0,52.25999999999999
2025-08-24 15:00:00,74.0,664.15,9.805,22.755,28.1,89.0,27.4,1001.0,52.7435
2025-08-24 16:00:00,68.0,743.7,12.025,23.495,28.0,89.0,27.0,1002.0,54.2365
2025-08-24 17:00:00,60.0,860.25,16.835,24.235,28.0,89.0,27.0,1002.0,57.423500000000004
2025-08-24 18:00:00,50.0,1067.45,27.195,24.605,28.3,89.0,27.0,1002.0,64.96849999999999
2025-08-24 19:00:00,29.0,1418.95,49.395,24.605,28.1,89.0,27.4,1002.0,79.0185
2025-08-24 20:00:00,29.0,1418.95,49.395,24.605,28.2,89.0,27.4,1002.0,79.0185
2025-08-24 21:00:00,26.0,1283.9,51.615,23.865,28.0,89.0,24.1,1002.0,76.37950000000001
2025-08-24 22:00:00,26.0,1017.5,49.765,22.755,28.3,89.0,24.1,1002.0,69.3865
2025-08-24 23:00:00,28.0,784.4,45.88,21.275,28.4,89.0,22.3,1002.0,62.2535
2025-08-25 00:00:00,31.0,640.1,39.405,19.055,27.1,84.0,22.7,1001.0,55.272499999999994
2025-08-25 02:00:00,39.0,455.1,24.605,14.43,28.1,79.0,20.2,1001.0,42.78
2025-08-25 03:00:00,40.0,403.3,21.46,13.32,28.2,79.0,20.5,1002.0,39.602000000000004
2025-08-25 04:00:00,39.0,388.5,19.98,13.135,28.0,79.0,20.2,1002.0,38.0255
2025-08-25 05:00:00,39.0,460.65,20.35,14.985,30.4,75.0,20.9,1002.0,40.615500000000004
2025-08-25 06:00:00,38.0,706.7,23.865,20.165,30.0,75.0,22.7,1002.0,49.935500000000005
2025-08-25 07:00:00,37.0,1039.7,28.86,27.565,30.4,75.0,22.3,1002.0,62.9925
2025-08-25 08:00:00,41.0,1235.8,30.895,34.225,30.2,75.0,21.6,1002.0,72.6655
2025-08-25 09:00:00,55.0,1156.25,26.455,39.59,30.1,75.0,21.6,1001.0,75.293
2025-08-25 10:00:00,75.0,939.8,18.87,44.215,31.3,71.0,21.6,1001.0,74.72550000000001
2025-08-25 11:00:00,66.0,723.35,14.06,33.485,31.0,71.0,23.0,1000.0,59.4455
2025-08-25 12:00:00,71.0,710.4,11.84,33.3,31.1,71.0,23.4,1000.0,59.262
2025-08-25 13:00:00,74.0,754.8,11.285,31.265,31.4,71.0,24.5,1000.0,59.6995
2025-08-25 14:00:00,74.0,795.5,11.655,29.785,30.2,75.0,20.9,1000.0,59.99549999999999
2025-08-25 15:00:00,71.0,778.85,11.84,29.785,29.2,75.0,21.2,1001.0,58.8735
2025-08-25 16:00:00,65.0,760.35,13.135,30.34,28.3,79.0,18.7,1002.0,57.758
2025-08-25 17:00:00,57.0,843.6,18.13,30.71,29.1,79.0,18.4,1003.0,60.205
2025-08-25 18:00:00,45.0,1159.95,30.895,30.525,29.2,79.0,18.7,1003.0,70.4985
2025-08-25 19:00:00,23.0,1807.45,57.72,29.045,28.3,84.0,19.4,1002.0,92.20350000000002
2025-08-25 20:00:00,23.0,1807.45,57.72,29.045,28.1,84.0,19.4,1001.0,92.20350000000002
2025-08-25 21:00:00,22.0,1661.3,56.24,26.64,28.3,84.0,20.5,1001.0,86.88999999999999
2025-08-25 22:00:00,26.0,1326.45,48.47,23.31,27.4,89.0,20.9,1001.0,75.06599999999999
2025-08-25 23:00:00,29.0,1054.5,40.7,20.35,28.2,84.0,19.4,1002.0,64.385
2025-08-26 00:00:00,31.0,962.0,34.78,17.945,28.2,84.0,15.1,1002.0,58.3805
2025-08-26 02:00:00,35.0,884.3,24.605,14.8,28.4,84.0,14.0,1003.0,50.349
2025-08-26 03:00:00,35.0,730.75,22.57,14.43,29.1,79.0,14.8,1004.0,45.872
2025-08-26 04:00:00,33.0,555.0,22.2,14.985,29.0,79.0,16.6,1004.0,41.8125
2025-08-26 05:00:00,33.0,501.35,22.755,16.835,30.1,70.0,16.6,1004.0,41.9975
2025-08-26 06:00:00,33.0,695.6,25.16,20.72,30.4,70.0,17.6,1004.0,49.268
2025-08-26 07:00:00,33.0,1015.65,28.49,26.085,31.0,66.0,19.4,1004.0,60.34949999999999
2025-08-26 08:00:00,38.0,1232.1,29.415,32.005,31.1,66.0,20.2,1004.0,69.6935
2025-08-26 09:00:00,50.0,1243.2,25.9,39.22,32.2,59.0,19.8,1003.0,75.014
2025-08-26 10:00:00,66.0,1152.55,20.165,46.99,32.2,59.0,19.8,1003.0,78.44500000000001
2025-08-26 11:00:00,69.0,690.05,15.17,39.22,32.0,56.0,20.2,1002.0,63.212999999999994
2025-08-26 12:00:00,74.0,634.55,11.84,37.37,32.2,59.0,20.9,1002.0,60.67999999999999
2025-08-26 13:00:00,76.0,616.05,9.99,33.115,30.3,66.0,19.4,1002.0,57.6725
2025-08-26 14:00:00,75.0,638.25,9.435,29.6,30.1,70.0,17.6,1002.0,55.726
2025-08-26 15:00:00,72.0,701.15,9.065,27.75,29.0,75.0,18.7,1003.0,54.937
2025-08-26 16:00:00,65.0,802.9,9.805,26.455,29.1,75.0,19.4,1003.0,54.6685
2025-08-26 17:00:00,57.0,934.25,15.17,25.9,29.2,75.0,15.8,1004.0,57.837
2025-08-26 18:00:00,44.0,1139.6,29.415,26.085,28.2,79.0,15.5,1004.0,66.6835
2025-08-26 19:00:00,19.0,1494.8,61.235,27.38,28.3,79.0,19.8,1004.0,86.027
2025-08-26 20:00:00,19.0,1494.8,61.235,27.38,28.1,79.0,19.8,1004.0,86.027
2025-08-26 21:00:00,16.0,1418.95,64.75,27.01,28.4,79.0,22.3,1004.0,85.53399999999999
2025-08-26 22:00:00,17.0,1230.25,62.715,26.085,27.1,84.0,22.7,1002.0,80.3765
2025-08-26 23:00:00,20.0,1030.45,57.35,24.605,27.1,84.0,21.6,1002.0,73.3215
2025-08-27 00:00:00,25.0,836.2,47.36,21.645,27.2,84.0,18.7,1003.0,63.4625
2025-08-27 02:00:00,38.0,482.85,24.05,15.355,28.4,79.0,18.4,1003.0,43.164500000000004
2025-08-27 03:00:00,40.0,390.35,19.24,14.43,28.2,79.0,18.4,1003.0,38.566
2025-08-27 04:00:00,40.0,351.5,17.39,14.43,29.3,75.0,19.1,1004.0,36.679
2025-08-27 05:00:00,39.0,407.0,17.945,15.54,30.1,70.0,19.1,1004.0,38.376999999999995
2025-08-27 06:00:00,37.0,649.35,22.385,17.945,29.0,75.0,18.7,1004.0,46.4905
2025-08-27 07:00:00,35.0,986.05,29.045,21.275,31.3,66.0,20.5,1004.0,58.2855
2025-08-27 08:00:00,37.0,1184.0,32.005,24.605,31.0,66.0,21.2,1004.0,66.2855
2025-08-27 09:00:00,47.0,1095.2,27.195,27.935,31.1,66.0,21.2,1003.0,66.2885
2025-08-27 10:00:00,61.0,865.8,18.685,31.265,32.2,59.0,21.6,1002.0,62.4595
2025-08-27 11:00:00,82.0,725.2,11.1,36.26,32.3,56.0,22.0,1002.0,63.89399999999999
2025-08-27 12:00:00,93.0,693.75,8.51,36.445,31.3,63.0,20.9,1002.0,65.1035
2025-08-27 13:00:00,102.0,717.8,7.4,35.15,30.2,66.0,20.5,1002.0,66.971
2025-08-27 14:00:00,105.0,764.05,7.77,33.855,30.2,66.0,20.9,1002.0,68.37049999999999
2025-08-27 15:00:00,99.0,819.55,8.695,33.485,29.0,70.0,20.2,1003.0,68.0505
2025-08-27 16:00:00,87.0,899.1,10.915,33.485,29.3,70.0,19.4,1003.0,67.3735
2025-08-27 17:00:00,73.0,1011.95,16.835,33.115,28.1,79.0,19.4,1004.0,68.7975
2025-08-27 18:00:00,56.0,1215.45,30.525,32.56,28.3,79.0,20.9,1004.0,75.704
2025-08-27 19:00:00,22.0,1570.65,59.94,30.71,28.1,79.0,22.0,1004.0,89.33200000000001
2025-08-27 20:00:00,22.0,1570.65,59.94,30.71,28.4,79.0,22.0,1004.0,89.33200000000001
2025-08-27 21:00:00,18.0,1478.15,62.9,29.23,28.4,79.0,22.0,1004.0,87.318
2025-08-27 22:00:00,19.0,1267.25,60.31,27.38,28.1,79.0,22.7,1004.0,80.92099999999999
2025-08-27 23:00:00,22.0,1052.65,55.5,25.16,28.1,79.0,19.8,1003.0,73.533
2025-08-28 00:00:00,26.0,858.4,47.545,22.2,28.0,79.0,18.0,1003.0,64.595
2025-08-28 02:00:00,34.0,514.3,28.675,16.465,28.1,79.0,19.1,1004.0,45.923500000000004
2025-08-28 03:00:00,35.0,416.25,24.605,15.725,28.2,79.0,19.8,1004.0,41.4505
2025-08-28 04:00:00,35.0,366.3,22.57,15.91,29.0,75.0,20.5,1004.0,39.323
2025-08-28 05:00:00,35.0,410.7,22.2,17.39,29.2,75.0,20.5,1004.0,40.729
2025-08-28 06:00:00,35.0,643.8,24.235,20.535,30.3,70.0,20.5,1004.0,48.1845
2025-08-28 07:00:00,35.0,973.1,27.75,25.16,32.4,63.0,21.6,1003.0,59.19199999999999
2025-08-28 08:00:00,39.0,1159.95,28.675,29.23,32.2,63.0,23.4,1003.0,66.719
2025-08-28 09:00:00,51.0,1060.05,24.05,32.93,33.2,59.0,24.1,1002.0,67.396
2025-08-28 10:00:00,66.0,819.55,16.835,36.26,33.3,59.0,24.8,1001.0,64.422
2025-08-28 11:00:00,82.0,641.95,11.47,38.295,32.1,63.0,24.8,1000.0,63.4685
2025-08-28 12:00:00,94.0,606.8,8.88,38.295,32.3,63.0,24.1,1000.0,64.8115
2025-08-28 13:00:00,105.0,619.75,7.77,36.815,30.2,66.0,22.3,1000.0,66.9645
2025-08-28 14:00:00,108.0,656.75,7.955,35.15,30.3,70.0,20.5,1001.0,67.883
2025-08-28 15:00:00,101.0,701.15,8.88,33.485,30.0,70.0,21.2,1001.0,66.39349999999999
2025-08-28 16:00:00,87.0,767.75,11.285,31.635,29.1,75.0,21.2,1002.0,64.0435
2025-08-28 17:00:00,71.0,878.75,17.39,30.155,29.0,75.0,21.6,1003.0,64.3865
2025-08-28 18:00:00,53.0,1095.2,31.635,29.415,29.2,70.0,23.0,1003.0,71.4925
2025-08-28 19:00:00,20.0,1494.8,61.42,28.12,28.1,74.0,23.0,1003.0,86.80799999999999
2025-08-28 20:00:00,20.0,1494.8,61.42,28.12,28.4,74.0,23.0,1003.0,86.80799999999999
2025-08-28 21:00:00,18.0,1422.65,62.16,26.455,28.1,74.0,23.8,1002.0,84.3765
2025-08-28 22:00:00,22.0,1232.1,56.795,24.235,28.3,74.0,22.7,1002.0,77.4365
2025-08-28 23:00:00,27.0,1039.7,50.32,22.2,28.0,74.0,20.5,1002.0,70.186
2025-08-29 00:00:00,31.0,869.5,43.29,20.165,28.1,74.0,19.1,1002.0,62.7465
2025-08-29 02:00:00,40.0,566.1,28.305,16.835,28.2,74.0,22.7,1002.0,48.7225
2025-08-29 03:00:00,42.0,469.9,23.865,15.91,29.3,75.0,21.2,1002.0,44.272
2025-08-29 04:00:00,42.0,412.55,20.72,15.54,29.4,75.0,21.2,1002.0,41.053
2025-08-29 05:00:00,43.0,455.1,19.61,16.28,30.0,70.0,20.5,1003.0,41.908
2025-08-29 06:00:00,43.0,697.45,21.83,18.87,31.2,66.0,22.0,1003.0,49.382000000000005
2025-08-29 07:00:00,43.0,1037.85,25.9,22.755,32.1,59.0,20.9,1002.0,60.57449999999999
2025-08-29 08:00:00,47.0,1232.1,27.38,26.825,33.1,56.0,20.9,1002.0,68.5825
2025-08-29 09:00:00,60.0,1122.95,23.495,31.08,32.1,63.0,20.5,1001.0,70.096
2025-08-29 10:00:00,78.0,867.65,16.835,35.335,32.3,63.0,19.4,1001.0,68.5215
2025-08-29 11:00:00,92.0,653.05,11.655,38.48,32.3,63.0,18.4,1000.0,66.89399999999999
2025-08-29 12:00:00,105.0,604.95,9.065,39.22,32.2,63.0,18.7,1000.0,68.648
2025-08-29 13:00:00,116.0,625.3,8.14,38.665,30.1,70.0,19.4,1001.0,71.5225
2025-08-29 14:00:00,120.0,673.4,8.695,38.11,30.3,70.0,19.4,1001.0,73.74000000000001
2025-08-29 15:00:00,115.0,725.2,9.99,38.11,30.4,70.0,19.4,1001.0,74.053
2025-08-29 16:00:00,103.0,801.05,12.95,37.925,29.3,75.0,20.2,1002.0,73.65350000000001
2025-08-29 17:00:00,88.0,926.85,20.535,37.555,29.1,75.0,18.7,1003.0,76.0355
2025-08-29 18:00:00,66.0,1154.4,37.37,36.815,29.1,75.0,19.8,1003.0,83.7175
2025-08-29 19:00:00,21.0,1616.9,73.815,34.04,29.0,75.0,19.1,1004.0,99.94699999999999
2025-08-29 20:00:00,21.0,1616.9,73.815,34.04,29.4,75.0,19.1,1004.0,99.94699999999999
2025-08-29 21:00:00,15.0,1633.55,77.7,31.82,29.2,75.0,18.0,1003.0,99.701
2025-08-29 22:00:00,16.0,1555.85,75.295,29.23,29.1,75.0,15.5,1003.0,95.70899999999999
2025-08-29 23:00:00,18.0,1476.3,71.225,26.64,29.1,75.0,14.4,1003.0,90.981
2025-08-30 00:00:00,20.0,1428.2,65.86,24.05,29.2,75.0,13.7,1003.0,86.105
2025-08-30 02:00:00,26.0,1304.25,52.54,20.165,28.2,79.0,11.5,1004.0,75.49149999999999
2025-08-30 03:00:00,26.0,1135.9,49.025,19.61,28.2,79.0,13.0,1004.0,69.738
2025-08-30 04:00:00,24.0,945.35,46.805,20.165,29.3,70.0,14.8,1004.0,64.2725
2025-08-30 05:00:00,25.0,925.0,44.4,22.385,30.3,66.0,15.5,1005.0,63.8325
2025-08-30 06:00:00,29.0,1276.5,41.625,27.01,31.3,59.0,16.9,1005.0,72.71
2025-08-30 07:00:00,35.0,1796.35,38.665,33.3,32.2,56.0,17.6,1005.0,86.27600000000001
2025-08-30 08:00:00,45.0,2083.1,34.78,39.775,33.4,53.0,19.1,1004.0,95.9175
2025-08-30 09:00:00,62.0,1896.25,29.045,46.435,33.4,53.0,20.5,1004.0,97.1695
2025-08-30 10:00:00,84.0,1472.6,22.57,53.095,32.3,59.0,19.1,1003.0,94.7415
2025-08-30 11:00:00,105.0,934.25,17.205,58.83,32.0,59.0,20.2,1002.0,89.923
2025-08-30 12:00:00,121.0,836.2,12.95,56.61,31.1,63.0,19.8,1002.0,89.09899999999999
2025-08-30 13:00:00,134.0,784.4,9.99,50.875,31.0,63.0,19.8,1003.0,87.3195
2025-08-30 14:00:00,137.0,765.9,9.065,45.325,30.1,66.0,20.2,1003.0,84.5195
2025-08-30 15:00:00,125.0,775.15,9.62,40.7,29.4,70.0,19.8,1003.0,79.125
2025-08-30 16:00:00,103.0,817.7,12.025,36.075,29.3,70.0,17.6,1004.0,72.5065
2025-08-30 17:00:00,80.0,893.55,19.055,32.56,29.1,75.0,18.4,1004.0,69.584
2025-08-30 18:00:00,58.0,1026.75,33.855,30.71,29.3,75.0,17.6,1005.0,73.603
2025-08-30 19:00:00,20.0,1328.3,68.82,29.6,29.3,75.0,20.2,1005.0,88.65799999999999
2025-08-30 20:00:00,20.0,1328.3,68.82,29.6,29.3,75.0,20.2,1005.0,88.65799999999999
2025-08-30 21:00:00,12.0,1409.7,78.81,30.34,28.4,79.0,22.0,1004.0,94.25
2025-08-30 22:00:00,9.0,1457.8,85.285,31.635,28.4,79.0,21.6,1004.0,98.8445
2025-08-30 23:00:00,9.0,1470.75,86.765,31.635,28.2,79.0,20.9,1003.0,99.99149999999999
2025-08-31 00:00:00,12.0,1448.55,81.215,29.045,26.4,85.0,20.2,1003.0,95.82249999999999
2025-08-31 02:00:00,23.0,1282.05,60.68,21.83,28.1,79.0,19.8,1004.0,79.864
2025-08-31 03:00:00,26.0,1054.5,51.8,19.98,29.2,75.0,20.5,1004.0,69.96
2025-08-31 04:00:00,29.0,780.7,43.29,18.685,29.3,70.0,23.0,1005.0,59.6305
2025-08-31 05:00:00,32.0,666.0,36.63,19.24,30.1,70.0,23.8,1005.0,54.518
2025-08-31 06:00:00,36.0,891.7,33.485,22.385,31.4,63.0,25.6,1005.0,59.9175
2025-08-31 07:00:00,40.0,1278.35,32.375,27.01,31.2,63.0,26.6,1005.0,70.497
2025-08-31 08:00:00,47.0,1485.55,29.785,31.08,31.3,63.0,28.1,1004.0,77.222
2025-08-31 09:00:00,59.0,1317.2,23.865,34.04,32.1,59.0,27.7,1003.0,75.383
2025-08-31 10:00:00,74.0,973.1,16.835,36.445,32.1,59.0,28.1,1002.0,69.9855
2025-08-31 11:00:00,88.0,612.35,11.47,39.22,32.1,59.0,27.4,1002.0,65.139
2025-08-31 12:00:00,98.0,567.95,8.88,38.48,31.1,63.0,27.7,1001.0,65.327
2025-08-31 13:00:00,105.0,575.35,7.77,35.89,30.2,62.0,27.7,1001.0,65.614
2025-08-31 14:00:00,106.0,601.25,7.955,33.3,29.4,70.0,27.0,1001.0,65.24799999999999
2025-08-31 15:00:00,97.0,651.2,9.25,30.71,29.2,75.0,27.0,1002.0,63.028999999999996
2025-08-31 16:00:00,81.0,719.65,12.025,27.935,29.0,75.0,28.1,1002.0,59.8755
2025-08-31 17:00:00,66.0,767.75,16.465,25.715,29.2,70.0,27.7,1002.0,57.89150000000001
2025-08-31 18:00:00,54.0,775.15,24.42,24.42,28.2,70.0,27.4,1003.0,58.565000000000005
2025-08-31 19:00:00,36.0,749.25,40.7,22.94,28.3,74.0,28.1,1003.0,61.675
2025-08-31 20:00:00,36.0,749.25,40.7,22.94,28.4,70.0,28.1,1002.0,61.675
2025-08-31 21:00:00,34.0,760.35,41.625,21.645,28.1,70.0,28.4,1001.0,61.2045
2025-08-31 22:00:00,35.0,771.45,39.405,20.165,28.2,74.0,28.1,1001.0,59.6545
2025-08-31 23:00:00,37.0,743.7,35.705,18.685,28.4,74.0,28.4,1001.0,56.7395
2025-09-01 00:00:00,39.0,634.55,30.34,16.835,26.6,80.0,27.4,1001.0,51.0125
2025-09-01 02:00:00,45.0,371.85,18.315,13.505,28.3,74.0,28.4,1001.0,38.6785
2025-09-01 03:00:00,47.0,310.8,14.615,12.58,28.3,74.0,29.5,1002.0,35.375
2025-09-01 04:00:00,48.0,284.9,12.395,12.21,28.3,74.0,29.2,1002.0,33.64
2025-09-01 05:00:00,49.0,327.45,11.84,12.58,29.2,70.0,29.9,1002.0,34.643
2025-09-01 06:00:00,47.0,503.2,15.17,14.06,29.2,70.0,30.2,1002.0,40.296
2025-09-01 07:00:00,45.0,745.55,20.35,16.095,29.4,70.0,30.6,1002.0,48.6685
2025-09-01 08:00:00,46.0,886.15,22.755,18.13,30.2,62.0,31.7,1001.0,54.24099999999999
2025-09-01 09:00:00,54.0,814.0,19.24,19.98,30.4,62.0,32.0,1000.0,54.014
2025-09-01 10:00:00,66.0,640.1,12.765,21.83,30.3,62.0,31.3,1000.0,51.176
2025-09-01 11:00:00,71.0,521.7,8.88,22.94,30.0,62.0,32.0,999.0,48.532
2025-09-01 12:00:00,78.0,490.25,7.03,23.68,30.1,62.0,30.6,999.0,49.263000000000005
2025-09-01 13:00:00,84.0,518.0,6.475,23.865,30.3,62.0,29.5,999.0,51.3775
2025-09-01 14:00:00,86.0,556.85,7.03,24.05,29.3,66.0,28.8,999.0,53.18
2025-09-01 15:00:00,83.0,603.1,7.955,24.79,28.3,70.0,28.1,1000.0,54.129999999999995
2025-09-01 16:00:00,76.0,664.15,9.99,25.345,28.3,74.0,28.8,1000.0,54.7495
2025-09-01 17:00:00,67.0,714.1,14.985,25.715,28.1,74.0,27.0,1001.0,56.2305
2025-09-01 18:00:00,56.0,745.55,26.085,25.345,28.1,79.0,27.0,1001.0,60.034499999999994
2025-09-01 19:00:00,34.0,777.0,49.765,23.495,28.1,74.0,26.3,1001.0,67.3465
2025-09-01 20:00:00,34.0,777.0,49.765,23.495,28.1,74.0,26.3,1001.0,67.3465
2025-09-01 21:00:00,31.0,789.95,51.985,22.385,28.1,74.0,26.6,1001.0,67.4825
2025-09-01 22:00:00,32.0,795.5,50.135,21.09,28.2,74.0,27.0,1000.0,66.136
2025-09-01 23:00:00,34.0,767.75,46.435,19.61,28.0,74.0,27.7,1000.0,63.221
2025-09-02 00:00:00,36.0,675.25,40.885,17.76,28.0,74.0,27.7,1001.0,57.716
2025-09-02 02:00:00,43.0,453.25,27.01,14.245,28.4,74.0,26.3,1001.0,45.2935
2025-09-02 03:00:00,46.0,392.2,21.645,13.32,28.0,74.0,25.9,1002.0,41.291
2025-09-02 04:00:00,48.0,358.9,17.205,12.95,29.3,70.0,25.2,1002.0,38.376
2025-09-02 05:00:00,50.0,405.15,15.355,13.875,29.1,70.0,23.0,1002.0,39.2535
2025-09-02 06:00:00,48.0,610.5,18.315,17.02,31.2,63.0,22.3,1003.0,46.109
2025-09-02 07:00:00,46.0,893.55,23.865,21.275,31.0,63.0,23.4,1002.0,56.6275
2025-09-02 08:00:00,48.0,1054.5,26.455,25.53,32.1,56.0,23.0,1002.0,64.12799999999999
2025-09-02 09:00:00,59.0,969.4,22.57,29.415,32.1,56.0,22.0,1001.0,65.33749999999999
2025-09-02 10:00:00,74.0,762.2,15.725,32.93,32.2,56.0,22.7,1000.0,63.34400000000001
2025-09-02 11:00:00,88.0,562.4,9.99,33.67,32.3,56.0,23.4,1000.0,60.477
2025-09-02 12:00:00,96.0,538.35,7.955,33.67,31.0,59.0,22.7,1000.0,61.175
2025-09-02 13:00:00,102.0,571.65,7.215,32.56,31.1,59.0,22.3,1000.0,62.641999999999996
2025-09-02 14:00:00,103.0,616.05,7.4,31.265,30.0,62.0,21.6,1000.0,63.2935
2025-09-02 15:00:00,96.0,658.6,7.77,30.34,29.2,70.0,21.2,1001.0,61.804
2025-09-02 16:00:00,84.0,710.4,9.25,29.6,29.1,70.0,20.9,1002.0,59.757999999999996
2025-09-02 17:00:00,71.0,758.5,14.615,28.86,28.3,74.0,20.9,1003.0,59.669000000000004
2025-09-02 18:00:00,55.0,786.25,27.565,28.49,28.2,70.0,20.2,1003.0,63.009
2025-09-02 19:00:00,25.0,858.4,56.61,27.38,28.3,70.0,19.1,1003.0,72.324
2025-09-02 20:00:00,25.0,858.4,56.61,27.38,28.3,70.0,19.1,1004.0,72.324
2025-09-02 21:00:00,21.0,980.5,60.865,26.27,28.0,70.0,18.0,1003.0,75.564
2025-09-02 22:00:00,21.0,1128.5,60.68,24.79,27.3,79.0,18.0,1003.0,77.673
2025-09-02 23:00:00,22.0,1176.6,58.83,23.125,27.2,79.0,19.4,1003.0,76.99249999999999
2025-09-03 00:00:00,22.0,1034.15,56.055,21.09,27.1,79.0,19.8,1003.0,71.461
2025-09-03 02:00:00,25.0,603.1,46.805,17.575,27.3,79.0,18.4,1004.0,56.4325
2025-09-03 03:00:00,27.0,499.5,41.81,16.65,28.3,79.0,18.4,1004.0,51.501000000000005
2025-09-03 04:00:00,28.0,447.7,36.445,16.465,29.4,75.0,19.8,1004.0,47.453500000000005
2025-09-03 05:00:00,31.0,495.8,32.19,17.575,29.2,70.0,17.6,1004.0,47.317499999999995
2025-09-03 06:00:00,34.0,741.85,30.525,20.72,31.2,59.0,16.9,1004.0,53.712
2025-09-03 07:00:00,37.0,1089.65,29.97,25.16,32.2,56.0,17.6,1004.0,63.455000000000005
2025-09-03 08:00:00,44.0,1291.3,28.12,29.23,33.3,49.0,19.4,1004.0,70.51299999999999
2025-09-03 09:00:00,56.0,1200.65,22.94,32.745,33.4,47.0,20.2,1003.0,70.9495
2025-09-03 10:00:00,71.0,965.7,16.28,36.075,33.2,49.0,20.5,1002.0,68.4195
2025-09-03 11:00:00,83.0,767.75,10.36,34.41,32.1,52.0,20.9,1002.0,63.675999999999995
2025-09-03 12:00:00,98.0,701.15,7.955,36.63,33.4,47.0,20.5,1002.0,66.511
2025-09-03 13:00:00,113.0,662.3,7.4,38.11,30.4,55.0,19.8,1002.0,70.64099999999999
2025-09-03 14:00:00,119.0,654.9,8.14,38.295,30.3,59.0,19.4,1002.0,72.8295
2025-09-03 15:00:00,111.0,701.15,8.695,36.815,29.0,62.0,19.4,1003.0,70.94749999999999
2025-09-03 16:00:00,93.0,780.7,10.175,34.41,29.1,66.0,18.4,1004.0,66.824
2025-09-03 17:00:00,75.0,845.45,16.28,32.19,29.2,66.0,18.4,1005.0,65.272
2025-09-03 18:00:00,55.0,876.9,31.08,31.08,28.1,70.0,19.1,1005.0,68.226
2025-09-03 19:00:00,20.0,899.1,64.01,29.415,28.1,70.0,16.9,1005.0,77.0955
2025-09-03 20:00:00,20.0,899.1,64.01,29.415,28.2,70.0,16.9,1005.0,77.0955
2025-09-03 21:00:00,16.0,902.8,67.34,27.935,28.2,70.0,18.4,1005.0,77.2275
2025-09-03 22:00:00,17.0,893.55,65.305,26.455,28.2,70.0,19.1,1004.0,75.3815
2025-09-03 23:00:00,20.0,851.0,61.42,24.79,28.2,70.0,20.5,1004.0,72.267
2025-09-04 00:00:00,22.0,740.0,56.61,22.94,28.4,70.0,21.6,1004.0,66.83600000000001
2025-09-04 02:00:00,28.0,493.95,44.215,19.795,27.2,74.0,19.4,1005.0,54.7055
2025-09-04 03:00:00,29.0,468.05,39.035,18.87,28.2,79.0,18.0,1005.0,50.917
2025-09-04 04:00:00,30.0,486.55,34.225,18.5,28.4,79.0,19.1,1006.0,48.516
2025-09-04 05:00:00,31.0,556.85,30.895,19.055,30.4,66.0,19.4,1006.0,48.50149999999999
2025-09-04 06:00:00,32.0,725.2,30.895,21.09,31.0,63.0,18.4,1005.0,53.186
2025-09-04 07:00:00,34.0,941.65,32.56,24.235,32.4,56.0,18.7,1005.0,60.6865
2025-09-04 08:00:00,40.0,1065.6,31.82,27.565,33.0,53.0,20.2,1005.0,66.1865
2025-09-04 09:00:00,54.0,1006.4,26.085,30.895,34.1,50.0,21.2,1004.0,67.4265
2025-09-04 10:00:00,72.0,854.7,17.945,34.41,33.0,56.0,22.7,1004.0,66.666
2025-09-04 11:00:00,88.0,721.5,12.395,34.04,33.4,56.0,24.5,1003.0,65.28699999999999
2025-09-04 12:00:00,105.0,704.85,9.99,36.63,32.3,59.0,25.2,1002.0,69.906
2025-09-04 13:00:00,121.0,725.2,8.88,38.665,30.2,62.0,24.8,1003.0,75.4645
2025-09-04 14:00:00,127.0,752.95,9.62,39.405,30.2,66.0,26.3,1003.0,78.6335
2025-09-04 15:00:00,118.0,786.25,11.655,38.11,29.1,70.0,23.8,1004.0,77.173
2025-09-04 16:00:00,99.0,826.95,15.54,35.52,28.0,70.0,26.6,1005.0,73.32300000000001
2025-09-04 17:00:00,79.0,849.15,21.46,32.93,28.1,74.0,24.1,1005.0,70.024
2025-09-04 18:00:00,59.0,843.6,32.375,30.525,28.3,74.0,29.5,1006.0,69.2595
2025-09-04 19:00:00,25.0,780.7,53.835,25.715,28.3,74.0,29.5,1006.0,68.27250000000001
2025-09-04 20:00:00,25.0,780.7,53.835,25.715,28.2,74.0,29.5,1005.0,68.27250000000001
2025-09-04 21:00:00,23.0,714.1,52.91,24.235,28.2,74.0,27.7,1005.0,65.04549999999999
2025-09-04 22:00:00,27.0,629.0,46.805,23.125,28.0,79.0,27.7,1004.0,60.3255
2025-09-04 23:00:00,32.0,551.3,39.775,21.645,27.3,84.0,28.4,1004.0,55.3135
2025-09-05 00:00:00,36.0,481.0,32.19,19.61,27.2,84.0,27.7,1004.0,49.538999999999994
2025-09-05 02:00:00,44.0,375.55,17.39,15.54,27.2,84.0,24.5,1004.0,38.915
2025-09-05 03:00:00,45.0,338.55,14.245,14.615,28.2,84.0,21.6,1005.0,36.125499999999995
2025-09-05 04:00:00,45.0,320.05,13.32,14.245,29.1,79.0,18.7,1006.0,35.0155
2025-09-05 05:00:00,44.0,388.5,14.06,14.985,31.3,71.0,15.5,1006.0,36.8985
2025-09-05 06:00:00,42.0,630.85,17.575,16.835,32.2,63.0,15.8,1006.0,44.179500000000004
2025-09-05 07:00:00,39.0,958.3,22.755,19.425,34.2,56.0,17.3,1006.0,54.231500000000004
2025-09-05 08:00:00,43.0,1161.8,25.9,23.125,35.3,50.0,20.5,1005.0,63.238499999999995
2025-09-05 09:00:00,57.0,1121.1,24.79,28.675,34.1,53.0,23.4,1004.0,68.73349999999999
2025-09-05 10:00:00,77.0,958.3,21.46,35.15,34.2,50.0,25.9,1004.0,72.717
2025-09-05 11:00:00,94.0,965.7,18.685,41.625,34.1,53.0,29.2,1003.0,79.5375
2025-09-05 12:00:00,116.0,876.9,15.725,43.29,32.1,59.0,31.7,1002.0,83.41799999999999
2025-09-05 13:00:00,137.0,771.45,12.58,43.105,32.2,63.0,32.8,1003.0,85.6295
2025-09-05 14:00:00,145.0,710.4,11.655,41.255,31.3,63.0,32.8,1003.0,85.32849999999999
2025-09-05 15:00:00,129.0,730.75,14.06,37.555,30.2,66.0,32.4,1004.0,80.5285
2025-09-05 16:00:00,99.0,793.65,18.685,32.56,29.2,70.0,24.1,1005.0,73.064
2025-09-05 17:00:00,73.0,849.15,24.235,28.12,29.1,70.0,23.8,1006.0,67.484
2025-09-05 18:00:00,55.0,897.25,31.45,24.975,28.1,74.0,28.1,1006.0,65.8025
2025-09-05 19:00:00,31.0,923.15,44.215,20.72,28.3,74.0,29.5,1005.0,64.652
2025-09-05 20:00:00,31.0,923.15,44.215,20.72,28.1,74.0,29.5,1004.0,64.652
2025-09-05 21:00:00,29.0,804.75,43.475,20.165,27.2,79.0,29.2,1004.0,60.96249999999999
2025-09-05 22:00:00,33.0,630.85,39.405,20.165,27.0,79.0,29.9,1004.0,56.24250000000001
2025-09-05 23:00:00,37.0,484.7,34.41,19.795,27.3,79.0,28.8,1004.0,51.3375
2025-09-06 00:00:00,40.0,397.75,28.12,17.945,27.2,79.0,25.9,1004.0,45.799499999999995
2025-09-06 02:00:00,47.0,308.95,15.17,13.875,27.3,84.0,23.4,1005.0,36.3185
2025-09-06 03:00:00,49.0,288.6,12.21,13.32,27.2,84.0,25.6,1005.0,34.458
2025-09-06 04:00:00,50.0,292.3,10.915,13.32,28.2,79.0,27.0,1005.0,34.055
2025-09-06 05:00:00,50.0,349.65,11.47,14.06,29.3,75.0,27.7,1006.0,35.905
2025-09-06 06:00:00,48.0,518.0,14.985,15.54,31.1,66.0,25.9,1006.0,41.521
2025-09-06 07:00:00,45.0,740.0,20.35,17.945,32.1,59.0,26.3,1006.0,49.4825
2025-09-06 08:00:00,48.0,878.75,23.495,20.905,33.4,53.0,27.4,1005.0,56.524499999999996
2025-09-06 09:00:00,60.0,847.3,22.015,25.16,34.2,50.0,28.4,1004.0,60.735
2025-09-06 10:00:00,78.0,732.6,18.315,30.155,34.1,47.0,28.4,1003.0,64.1185
2025-09-06 11:00:00,91.0,667.85,15.54,34.41,34.3,50.0,25.6,1002.0,67.186
2025-09-06 12:00:00,103.0,654.9,12.58,35.52,34.1,50.0,30.6,1001.0,69.306
2025-09-06 13:00:00,114.0,664.15,10.175,34.78,32.3,63.0,31.0,1002.0,70.978
2025-09-06 14:00:00,116.0,688.2,9.62,33.67,31.1,66.0,23.0,1002.0,71.17099999999999
2025-09-06 15:00:00,105.0,741.85,12.025,32.19,30.1,70.0,18.7,1003.0,69.64699999999999
2025-09-06 16:00:00,87.0,814.0,16.65,29.97,29.4,75.0,22.3,1003.0,67.35499999999999
2025-09-06 17:00:00,69.0,854.7,22.57,27.75,29.2,70.0,26.3,1004.0,65.211
2025-09-06 18:00:00,53.0,847.3,31.45,25.53,29.3,75.0,24.1,1005.0,64.481
2025-09-06 19:00:00,28.0,758.5,47.545,21.275,26.3,86.0,30.2,1003.0,62.7345
2025-09-06 20:00:00,28.0,758.5,47.545,21.275,28.3,79.0,30.2,1004.0,62.7345
2025-09-06 21:00:00,28.0,690.05,45.325,20.535,28.2,79.0,29.2,1004.0,59.6635
2025-09-06 22:00:00,33.0,606.8,38.665,20.535,28.0,79.0,27.7,1003.0,55.50249999999999
2025-09-06 23:00:00,39.0,527.25,32.005,19.98,26.1,87.0,25.9,1002.0,51.437999999999995
2025-09-07 00:00:00,43.0,453.25,26.27,18.315,26.1,87.0,24.8,1002.0,46.884499999999996
2025-09-07 02:00:00,49.0,338.55,16.095,14.8,28.2,79.0,26.3,1003.0,38.528
2025-09-07 03:00:00,51.0,310.8,13.135,13.875,28.4,79.0,26.3,1004.0,36.3345
2025-09-07 04:00:00,52.0,307.1,11.285,13.505,29.1,75.0,26.6,1004.0,35.265499999999996
2025-09-07 05:00:00,52.0,357.05,11.285,13.875,30.2,70.0,26.3,1004.0,36.4495
2025-09-07 06:00:00,50.0,518.0,14.615,15.17,30.3,70.0,24.1,1004.0,41.714
2025-09-07 07:00:00,48.0,732.6,19.61,17.205,31.3,63.0,23.8,1004.0,49.4205
2025-09-07 08:00:00,51.0,871.35,22.385,19.98,32.2,63.0,23.8,1003.0,56.148
2025-09-07 09:00:00,63.0,858.4,20.535,24.42,32.3,59.0,21.6,1002.0,60.599
2025-09-07 10:00:00,79.0,765.9,16.28,29.785,31.1,63.0,19.8,1001.0,63.6785
2025-09-07 11:00:00,82.0,701.15,14.245,31.635,30.1,66.0,23.0,1002.0,62.987500000000004
2025-09-07 12:00:00,89.0,656.75,11.84,32.005,29.0,75.0,11.9,1002.0,62.941500000000005
2025-09-07 13:00:00,92.0,619.75,9.99,30.895,28.3,79.0,8.6,1001.0,61.436499999999995
2025-09-07 14:00:00,91.0,610.5,9.99,29.045,28.2,79.0,22.0,1001.0,60.026500000000006
2025-09-07 15:00:00,81.0,658.6,12.395,26.64,28.3,79.0,19.1,1002.0,58.229000000000006
2025-09-07 16:00:00,66.0,738.15,16.835,23.495,28.0,79.0,20.9,1002.0,56.411500000000004
2025-09-07 17:00:00,52.0,788.1,22.57,21.46,28.4,74.0,19.8,1003.0,55.634
2025-09-07 18:00:00,43.0,788.1,31.265,21.275,28.0,74.0,21.6,1003.0,58.058499999999995
2025-09-07 19:00:00,30.0,717.8,48.285,22.94,28.2,79.0,15.1,1003.0,63.797
2025-09-07 20:00:00,30.0,717.8,48.285,22.94,27.4,79.0,15.1,1002.0,63.797
2025-09-07 21:00:00,28.0,664.15,49.395,23.865,27.4,79.0,21.2,1001.0,63.2525
2025-09-07 22:00:00,29.0,595.7,47.175,24.79,27.3,79.0,18.7,1001.0,61.31399999999999
2025-09-07 23:00:00,31.0,527.25,42.92,24.79,27.2,79.0,17.6,1001.0,57.99199999999999
2025-09-08 00:00:00,34.0,451.4,36.26,22.94,26.4,84.0,23.0,1001.0,52.45399999999999
2025-09-08 02:00:00,42.0,323.75,20.905,17.945,26.2,94.0,17.3,1001.0,40.590500000000006
2025-09-08 03:00:00,44.0,286.75,16.835,16.835,26.0,94.0,18.7,1002.0,37.453500000000005
2025-09-08 04:00:00,44.0,275.65,14.615,16.28,26.3,94.0,18.7,1002.0,35.622
2025-09-08 05:00:00,44.0,351.5,15.355,16.65,26.2,94.0,18.4,1003.0,37.768
2025-09-08 06:00:00,41.0,614.2,22.015,17.945,27.0,89.0,19.4,1003.0,46.7655
2025-09-08 07:00:00,37.0,963.85,31.82,20.165,28.1,89.0,19.8,1003.0,59.551500000000004
2025-09-08 08:00:00,36.0,1172.9,37.74,22.94,28.0,79.0,22.7,1002.0,68.372
2025-09-08 09:00:00,42.0,1102.6,35.89,27.195,28.3,79.0,23.0,1002.0,69.7835
2025-09-08 10:00:00,51.0,891.7,30.34,32.005,28.1,79.0,23.0,1001.0,67.34049999999999
2025-09-08 11:00:00,79.0,1095.2,23.495,44.4,29.1,75.0,28.8,1001.0,81.901
2025-09-08 12:00:00,90.0,1024.9,20.905,45.88,27.1,84.0,29.5,1001.0,82.98100000000001
2025-09-08 13:00:00,100.0,956.45,18.685,45.14,27.0,89.0,24.8,1002.0,82.91
2025-09-08 14:00:00,101.0,969.4,18.685,43.29,26.0,89.0,25.6,1002.0,82.544
2025-09-08 15:00:00,90.0,1117.4,20.535,39.96,27.1,89.0,28.8,1003.0,81.649
2025-09-08 16:00:00,70.0,1346.8,24.605,35.52,26.1,94.0,22.3,1003.0,80.459
2025-09-08 17:00:00,52.0,1576.2,32.56,32.56,26.4,89.0,20.5,1004.0,82.94
2025-09-08 18:00:00,37.0,1816.7,48.655,32.56,27.0,89.0,19.1,1004.0,92.907
2025-09-08 19:00:00,12.0,2183.0,83.065,35.335,27.0,89.0,20.2,1004.0,114.7665
2025-09-08 20:00:00,12.0,2183.0,83.065,35.335,27.1,89.0,20.2,1004.0,114.7665
2025-09-08 21:00:00,8.0,2146.0,86.95,35.89,27.2,89.0,18.7,1003.0,115.435
2025-09-08 22:00:00,9.0,1994.3,85.1,36.445,27.1,89.0,18.0,1003.0,111.8685
2025-09-08 23:00:00,10.0,1768.6,81.77,36.075,27.1,89.0,18.4,1002.0,105.47149999999999
2025-09-09 00:00:00,11.0,1422.65,78.44,34.78,26.0,85.0,20.9,1003.0,96.207
2025-09-09 02:00:00,16.0,678.95,66.23,30.525,26.4,89.0,17.3,1003.0,73.3795
2025-09-09 03:00:00,22.0,475.45,54.205,27.935,26.2,94.0,16.2,1003.0,62.5995
2025-09-09 04:00:00,30.0,370.0,39.775,25.16,27.1,89.0,18.4,1004.0,52.845
2025-09-09 05:00:00,36.0,466.2,29.97,23.495,27.0,89.0,17.6,1004.0,49.8535
2025-09-09 06:00:00,37.0,974.95,29.23,23.125,27.3,84.0,18.0,1004.0,59.69950000000001
2025-09-09 07:00:00,36.0,1685.35,32.745,23.865,28.2,79.0,19.4,1004.0,76.0865
2025-09-09 08:00:00,40.0,2068.3,34.04,25.53,29.1,79.0,21.6,1004.0,86.555
2025-09-09 09:00:00,55.0,1770.45,29.045,29.415,29.4,79.0,24.8,1003.0,84.0435
2025-09-09 10:00:00,75.0,1145.15,21.83,34.41,28.1,84.0,25.9,1003.0,75.706
2025-09-09 11:00:00,51.0,1036.0,29.23,27.195,27.1,89.0,26.3,1002.0,67.15549999999999
2025-09-09 12:00:00,53.0,1052.65,25.345,25.16,26.2,94.0,24.1,1002.0,64.74
2025-09-09 13:00:00,52.0,1122.95,23.125,21.83,26.3,89.0,24.8,1003.0,62.849000000000004
2025-09-09 14:00:00,49.0,1196.95,24.05,19.055,26.3,94.0,27.7,1003.0,62.596500000000006
2025-09-09 15:00:00,43.0,1272.8,30.895,17.205,26.1,94.0,29.2,1003.0,65.49549999999999
2025-09-09 16:00:00,36.0,1352.35,40.885,15.91,26.1,89.0,29.2,1004.0,70.333
2025-09-09 17:00:00,30.0,1380.1,48.84,15.17,26.3,94.0,31.3,1005.0,73.491
2025-09-09 18:00:00,27.0,1319.05,52.91,15.17,26.3,89.0,28.4,1005.0,73.81199999999998
2025-09-09 19:00:00,27.0,1097.05,54.205,16.28,26.2,89.0,14.4,1005.0,70.70400000000001
2025-09-09 20:00:00,27.0,1097.05,54.205,16.28,26.2,89.0,14.4,1005.0,70.70400000000001
2025-09-09 21:00:00,30.0,1011.95,50.135,16.835,25.2,94.0,14.0,1005.0,67.7375
2025-09-09 22:00:00,34.0,930.55,43.475,17.205,25.4,94.0,13.0,1004.0,63.4985
2025-09-09 23:00:00,39.0,838.05,36.815,17.39,25.1,94.0,10.4,1004.0,59.245
2025-09-10 00:00:00,44.0,714.1,30.71,17.02,25.9,86.0,8.3,1005.0,54.418
2025-09-10 02:00:00,53.0,473.6,19.98,15.91,25.3,94.0,4.7,1006.0,45.315
2025-09-10 03:00:00,54.0,397.75,16.465,15.725,26.3,94.0,4.0,1007.0,41.896499999999996
2025-09-10 04:00:00,52.0,353.35,14.615,15.725,26.1,94.0,5.0,1008.0,39.2985
2025-09-10 05:00:00,48.0,382.95,17.76,16.465,26.0,94.0,20.5,1008.0,40.947500000000005
2025-09-10 06:00:00,37.0,564.25,31.82,18.13,26.2,87.0,20.5,1009.0,50.541999999999994
2025-09-10 07:00:00,24.0,819.55,51.06,20.535,26.1,94.0,21.6,1009.0,64.4945
2025-09-10 08:00:00,19.0,958.3,60.495,22.94,26.0,94.0,21.2,1008.0,72.633
2025-09-10 09:00:00,30.0,856.55,50.69,25.715,26.3,94.0,20.2,1008.0,69.4025
2025-09-10 10:00:00,50.0,638.25,31.08,28.86,27.0,89.0,19.8,1007.0,60.842999999999996
2025-09-10 11:00:00,56.0,690.05,14.8,19.61,27.4,84.0,19.1,1007.0,49.286
2025-09-10 12:00:00,57.0,621.6,12.21,20.165,27.0,89.0,18.0,1007.0,46.9405
2025-09-10 13:00:00,56.0,627.15,11.285,19.98,27.3,89.0,16.2,1007.0,46.104000000000006
2025-09-10 14:00:00,55.0,656.75,11.285,20.35,26.3,89.0,14.4,1007.0,46.581
2025-09-10 15:00:00,57.0,680.8,11.1,21.83,26.4,89.0,13.3,1007.0,48.291
2025-09-10 16:00:00,58.0,730.75,12.025,23.68,26.1,89.0,12.2,1007.0,51.06999999999999
2025-09-10 17:00:00,55.0,852.85,17.945,24.975,26.3,89.0,12.6,1008.0,56.811499999999995
2025-09-10 18:00:00,42.0,1115.55,33.67,25.345,25.1,94.0,12.2,1008.0,67.78550000000001
2025-09-10 19:00:00,12.0,1703.85,69.375,25.16,25.3,94.0,12.6,1008.0,91.88199999999999
2025-09-10 20:00:00,12.0,1703.85,69.375,25.16,25.3,94.0,12.6,1007.0,91.88199999999999
2025-09-10 21:00:00,8.0,1833.35,73.815,24.975,25.2,94.0,12.6,1006.0,95.84349999999999
2025-09-10 22:00:00,8.0,1877.75,72.335,24.79,25.1,94.0,11.5,1006.0,95.75099999999999
2025-09-10 23:00:00,9.0,1796.35,68.45,23.68,25.4,94.0,9.7,1006.0,91.537
2025-09-11 00:00:00,11.0,1502.2,61.605,21.275,25.1,94.0,9.0,1006.0,80.94449999999999
2025-09-11 02:00:00,18.0,745.55,44.215,15.91,25.2,94.0,7.6,1007.0,54.794999999999995
2025-09-11 03:00:00,20.0,560.55,38.665,14.8,26.4,89.0,10.4,1007.0,47.809999999999995
2025-09-11 04:00:00,21.0,462.5,34.225,14.43,26.3,89.0,14.0,1008.0,43.3
2025-09-11 05:00:00,23.0,481.0,31.265,15.91,27.2,89.0,16.2,1008.0,43.234
2025-09-11 06:00:00,25.0,715.95,30.71,20.535,26.3,94.0,18.4,1008.0,50.512499999999996
2025-09-11 07:00:00,28.0,1069.3,31.45,27.01,28.0,84.0,20.5,1008.0,62.161
2025-09-11 08:00:00,33.0,1267.25,30.155,31.265,29.3,75.0,22.0,1007.0,68.9705
2025-09-11 09:00:00,43.0,1150.7,24.05,31.82,29.3,75.0,22.0,1007.0,66.254
2025-09-11 10:00:00,55.0,878.75,15.91,30.155,29.4,75.0,20.9,1006.0,58.698499999999996
2025-09-11 11:00:00,55.0,666.0,16.095,35.52,29.1,75.0,22.0,1006.0,57.236999999999995
2025-09-11 12:00:00,63.0,575.35,11.655,34.04,28.1,84.0,20.9,1006.0,54.42
2025-09-11 13:00:00,70.0,597.55,9.25,30.71,27.4,84.0,20.2,1006.0,53.855999999999995
2025-09-11 14:00:00,73.0,641.95,8.51,28.305,27.3,79.0,18.4,1006.0,53.9975
2025-09-11 15:00:00,71.0,654.9,8.325,27.935,27.2,79.0,17.3,1007.0,53.3605
2025-09-11 16:00:00,65.0,688.2,9.805,28.49,26.0,89.0,17.3,1007.0,53.392
2025-09-11 17:00:00,56.0,814.0,16.465,29.23,26.2,89.0,18.7,1008.0,57.574000000000005
